DATE,KECAMATAN_NAME,TOTAL_POPULATION,STERILIZED,RESCUED
2025-01-01,Gubeng,1260,454,87
2025-01-01,Sukolilo,1720,673,34
2025-01-01,Tambaksari,2533,910,21
2025-01-01,Wonokromo,1769,883,13
2025-01-01,Rungkut,2534,1048,41
2025-01-01,Mulyorejo,1463,813,48
2025-01-01,Genteng,1441,600,23
2025-01-01,Tegalsari,1185,552,39
2025-01-01,Sawahan,1898,1120,20
2025-01-01,Kenjeran,2355,878,62
2025-01-02,Gubeng,1264,456,85
2025-01-02,Sukolilo,1723,677,37
2025-01-02,Tambaksari,2541,915,22
2025-01-02,Wonokromo,1775,888,14
2025-01-02,Rungkut,2536,1049,40
2025-01-02,Mulyorejo,1474,817,48
2025-01-02,Genteng,1453,603,25
2025-01-02,Tegalsari,1189,553,38
2025-01-02,Sawahan,1906,1120,24
2025-01-02,Kenjeran,2355,878,61
2025-01-03,Gubeng,1273,462,88
2025-01-03,Sukolilo,1730,677,38
2025-01-03,Tambaksari,2551,918,24
2025-01-03,Wonokromo,1778,892,18
2025-01-03,Rungkut,2562,1054,43
2025-01-03,Mulyorejo,1473,821,52
2025-01-03,Genteng,1456,608,25
2025-01-03,Tegalsari,1189,556,37
2025-01-03,Sawahan,1913,1125,27
2025-01-03,Kenjeran,2361,882,65
2025-01-04,Gubeng,1275,462,92
2025-01-04,Sukolilo,1742,683,41
2025-01-04,Tambaksari,2565,919,23
2025-01-04,Wonokromo,1783,893,20
2025-01-04,Rungkut,2589,1058,41
2025-01-04,Mulyorejo,1481,824,50
2025-01-04,Genteng,1457,610,29
2025-01-04,Tegalsari,1199,557,35
2025-01-04,Sawahan,1915,1129,25
2025-01-04,Kenjeran,2362,885,69
2025-01-05,Gubeng,1275,468,94
2025-01-05,Sukolilo,1757,684,44
2025-01-05,Tambaksari,2578,923,22
2025-01-05,Wonokromo,1786,899,22
2025-01-05,Rungkut,2600,1059,43
2025-01-05,Mulyorejo,1492,829,49
2025-01-05,Genteng,1468,613,32
2025-01-05,Tegalsari,1207,560,37
2025-01-05,Sawahan,1922,1130,24
2025-01-05,Kenjeran,2362,885,71
2025-01-06,Gubeng,1283,472,93
2025-01-06,Sukolilo,1756,689,47
2025-01-06,Tambaksari,2578,923,20
2025-01-06,Wonokromo,1802,899,24
2025-01-06,Rungkut,2605,1064,44
2025-01-06,Mulyorejo,1493,830,52
2025-01-06,Genteng,1483,617,34
2025-01-06,Tegalsari,1212,566,38
2025-01-06,Sawahan,1937,1131,22
2025-01-06,Kenjeran,2363,888,71
2025-01-07,Gubeng,1289,475,97
2025-01-07,Sukolilo,1770,694,50
2025-01-07,Tambaksari,2607,923,18
2025-01-07,Wonokromo,1808,901,28
2025-01-07,Rungkut,2630,1065,43
2025-01-07,Mulyorejo,1494,833,51
2025-01-07,Genteng,1489,619,35
2025-01-07,Tegalsari,1214,566,39
2025-01-07,Sawahan,1952,1137,24
2025-01-07,Kenjeran,2364,893,73
2025-01-08,Gubeng,1301,475,101
2025-01-08,Sukolilo,1787,695,51
2025-01-08,Tambaksari,2621,924,22
2025-01-08,Wonokromo,1814,901,27
2025-01-08,Rungkut,2640,1068,43
2025-01-08,Mulyorejo,1508,839,52
2025-01-08,Genteng,1493,624,38
2025-01-08,Tegalsari,1227,570,42
2025-01-08,Sawahan,1965,1138,23
2025-01-08,Kenjeran,2371,893,75
2025-01-09,Gubeng,1312,475,104
2025-01-09,Sukolilo,1792,695,53
2025-01-09,Tambaksari,2635,930,24
2025-01-09,Wonokromo,1815,905,25
2025-01-09,Rungkut,2665,1068,45
2025-01-09,Mulyorejo,1507,845,51
2025-01-09,Genteng,1499,628,37
2025-01-09,Tegalsari,1234,570,44
2025-01-09,Sawahan,1963,1143,25
2025-01-09,Kenjeran,2386,895,75
2025-01-10,Gubeng,1314,480,104
2025-01-10,Sukolilo,1796,698,52
2025-01-10,Tambaksari,2655,932,25
2025-01-10,Wonokromo,1819,911,23
2025-01-10,Rungkut,2663,1072,47
2025-01-10,Mulyorejo,1522,845,53
2025-01-10,Genteng,1501,630,36
2025-01-10,Tegalsari,1246,570,43
2025-01-10,Sawahan,1968,1144,26
2025-01-10,Kenjeran,2408,900,75
2025-01-11,Gubeng,1323,486,107
2025-01-11,Sukolilo,1806,703,56
2025-01-11,Tambaksari,2671,937,23
2025-01-11,Wonokromo,1837,912,23
2025-01-11,Rungkut,2665,1072,50
2025-01-11,Mulyorejo,1529,847,53
2025-01-11,Genteng,1511,635,36
2025-01-11,Tegalsari,1248,575,47
2025-01-11,Sawahan,1971,1147,26
2025-01-11,Kenjeran,2433,906,73
2025-01-12,Gubeng,1324,489,111
2025-01-12,Sukolilo,1811,703,56
2025-01-12,Tambaksari,2694,942,23
2025-01-12,Wonokromo,1838,915,25
2025-01-12,Rungkut,2685,1076,48
2025-01-12,Mulyorejo,1528,852,52
2025-01-12,Genteng,1520,641,36
2025-01-12,Tegalsari,1255,576,48
2025-01-12,Sawahan,1970,1149,26
2025-01-12,Kenjeran,2458,912,77
2025-01-13,Gubeng,1324,491,110
2025-01-13,Sukolilo,1825,708,54
2025-01-13,Tambaksari,2704,946,27
2025-01-13,Wonokromo,1844,919,28
2025-01-13,Rungkut,2688,1077,52
2025-01-13,Mulyorejo,1528,858,56
2025-01-13,Genteng,1522,644,34
2025-01-13,Tegalsari,1256,578,52
2025-01-13,Sawahan,1988,1155,29
2025-01-13,Kenjeran,2482,918,76
2025-01-14,Gubeng,1327,497,113
2025-01-14,Sukolilo,1826,714,52
2025-01-14,Tambaksari,2731,947,26
2025-01-14,Wonokromo,1860,922,28
2025-01-14,Rungkut,2696,1083,56
2025-01-14,Mulyorejo,1529,858,59
2025-01-14,Genteng,1524,646,34
2025-01-14,Tegalsari,1268,584,52
2025-01-14,Sawahan,1993,1159,30
2025-01-14,Kenjeran,2501,924,78
2025-01-15,Gubeng,1331,497,111
2025-01-15,Sukolilo,1844,716,51
2025-01-15,Tambaksari,2749,949,24
2025-01-15,Wonokromo,1860,925,28
2025-01-15,Rungkut,2717,1085,57
2025-01-15,Mulyorejo,1537,862,57
2025-01-15,Genteng,1530,650,33
2025-01-15,Tegalsari,1270,589,53
2025-01-15,Sawahan,1989,1165,32
2025-01-15,Kenjeran,2520,929,81
2025-01-16,Gubeng,1341,499,112
2025-01-16,Sukolilo,1844,721,51
2025-01-16,Tambaksari,2768,954,28
2025-01-16,Wonokromo,1860,927,30
2025-01-16,Rungkut,2725,1088,57
2025-01-16,Mulyorejo,1542,864,59
2025-01-16,Genteng,1531,653,36
2025-01-16,Tegalsari,1283,594,56
2025-01-16,Sawahan,2007,1169,34
2025-01-16,Kenjeran,2528,933,85
2025-01-17,Gubeng,1340,501,111
2025-01-17,Sukolilo,1852,725,53
2025-01-17,Tambaksari,2788,957,29
2025-01-17,Wonokromo,1867,928,32
2025-01-17,Rungkut,2738,1094,60
2025-01-17,Mulyorejo,1542,864,59
2025-01-17,Genteng,1539,658,38
2025-01-17,Tegalsari,1287,600,60
2025-01-17,Sawahan,2009,1171,33
2025-01-17,Kenjeran,2551,934,83
2025-01-18,Gubeng,1340,504,113
2025-01-18,Sukolilo,1869,725,54
2025-01-18,Tambaksari,2801,962,31
2025-01-18,Wonokromo,1869,933,33
2025-01-18,Rungkut,2752,1095,59
2025-01-18,Mulyorejo,1551,864,63
2025-01-18,Genteng,1553,658,42
2025-01-18,Tegalsari,1292,601,64
2025-01-18,Sawahan,2028,1175,34
2025-01-18,Kenjeran,2551,935,87
2025-01-19,Gubeng,1341,505,117
2025-01-19,Sukolilo,1878,729,56
2025-01-19,Tambaksari,2820,968,32
2025-01-19,Wonokromo,1880,938,35
2025-01-19,Rungkut,2764,1099,60
2025-01-19,Mulyorejo,1565,869,67
2025-01-19,Genteng,1560,660,46
2025-01-19,Tegalsari,1294,606,64
2025-01-19,Sawahan,2043,1179,35
2025-01-19,Kenjeran,2569,937,88
2025-01-20,Gubeng,1341,507,116
2025-01-20,Sukolilo,1883,731,58
2025-01-20,Tambaksari,2821,969,31
2025-01-20,Wonokromo,1886,939,38
2025-01-20,Rungkut,2769,1102,61
2025-01-20,Mulyorejo,1569,872,68
2025-01-20,Genteng,1560,666,47
2025-01-20,Tegalsari,1298,612,66
2025-01-20,Sawahan,2062,1179,39
2025-01-20,Kenjeran,2595,941,89
2025-01-21,Gubeng,1348,509,116
2025-01-21,Sukolilo,1899,737,62
2025-01-21,Tambaksari,2834,974,34
2025-01-21,Wonokromo,1896,943,37
2025-01-21,Rungkut,2783,1104,62
2025-01-21,Mulyorejo,1575,875,68
2025-01-21,Genteng,1571,672,48
2025-01-21,Tegalsari,1308,618,67
2025-01-21,Sawahan,2081,1183,41
2025-01-21,Kenjeran,2594,944,91
2025-01-22,Gubeng,1356,509,114
2025-01-22,Sukolilo,1912,738,66
2025-01-22,Tambaksari,2848,974,34
2025-01-22,Wonokromo,1902,944,38
2025-01-22,Rungkut,2792,1110,63
2025-01-22,Mulyorejo,1578,881,69
2025-01-22,Genteng,1574,672,49
2025-01-22,Tegalsari,1307,622,65
2025-01-22,Sawahan,2102,1185,40
2025-01-22,Kenjeran,2613,950,94
2025-01-23,Gubeng,1356,509,113
2025-01-23,Sukolilo,1915,738,68
2025-01-23,Tambaksari,2852,975,35
2025-01-23,Wonokromo,1915,948,37
2025-01-23,Rungkut,2805,1112,67
2025-01-23,Mulyorejo,1582,885,71
2025-01-23,Genteng,1591,677,47
2025-01-23,Tegalsari,1318,623,65
2025-01-23,Sawahan,2101,1185,40
2025-01-23,Kenjeran,2630,953,95
2025-01-24,Gubeng,1370,510,111
2025-01-24,Sukolilo,1927,744,71
2025-01-24,Tambaksari,2859,980,39
2025-01-24,Wonokromo,1919,953,39
2025-01-24,Rungkut,2830,1118,69
2025-01-24,Mulyorejo,1594,887,73
2025-01-24,Genteng,1598,679,45
2025-01-24,Tegalsari,1324,625,63
2025-01-24,Sawahan,2119,1191,41
2025-01-24,Kenjeran,2632,955,98
2025-01-25,Gubeng,1384,513,114
2025-01-25,Sukolilo,1929,745,74
2025-01-25,Tambaksari,2876,985,39
2025-01-25,Wonokromo,1931,957,43
2025-01-25,Rungkut,2844,1121,73
2025-01-25,Mulyorejo,1605,889,73
2025-01-25,Genteng,1613,685,43
2025-01-25,Tegalsari,1327,628,62
2025-01-25,Sawahan,2134,1195,43
2025-01-25,Kenjeran,2652,957,96
2025-01-26,Gubeng,1391,515,113
2025-01-26,Sukolilo,1939,747,78
2025-01-26,Tambaksari,2884,987,41
2025-01-26,Wonokromo,1945,959,45
2025-01-26,Rungkut,2842,1122,71
2025-01-26,Mulyorejo,1607,892,74
2025-01-26,Genteng,1622,686,46
2025-01-26,Tegalsari,1333,633,63
2025-01-26,Sawahan,2142,1195,41
2025-01-26,Kenjeran,2660,960,99
2025-01-27,Gubeng,1394,520,115
2025-01-27,Sukolilo,1946,751,80
2025-01-27,Tambaksari,2895,992,43
2025-01-27,Wonokromo,1950,964,46
2025-01-27,Rungkut,2849,1124,70
2025-01-27,Mulyorejo,1607,893,74
2025-01-27,Genteng,1623,690,50
2025-01-27,Tegalsari,1342,634,62
2025-01-27,Sawahan,2157,1197,44
2025-01-27,Kenjeran,2677,966,101
2025-01-28,Gubeng,1403,520,119
2025-01-28,Sukolilo,1949,752,80
2025-01-28,Tambaksari,2900,992,46
2025-01-28,Wonokromo,1960,966,44
2025-01-28,Rungkut,2880,1128,70
2025-01-28,Mulyorejo,1618,894,77
2025-01-28,Genteng,1638,693,48
2025-01-28,Tegalsari,1354,638,62
2025-01-28,Sawahan,2165,1200,44
2025-01-28,Kenjeran,2681,966,101
2025-01-29,Gubeng,1418,523,117
2025-01-29,Sukolilo,1967,755,81
2025-01-29,Tambaksari,2901,997,49
2025-01-29,Wonokromo,1959,967,48
2025-01-29,Rungkut,2897,1130,68
2025-01-29,Mulyorejo,1635,894,79
2025-01-29,Genteng,1651,697,50
2025-01-29,Tegalsari,1365,639,66
2025-01-29,Sawahan,2175,1203,45
2025-01-29,Kenjeran,2689,970,102
2025-01-30,Gubeng,1422,527,115
2025-01-30,Sukolilo,1980,760,79
2025-01-30,Tambaksari,2933,998,52
2025-01-30,Wonokromo,1961,972,46
2025-01-30,Rungkut,2900,1131,70
2025-01-30,Mulyorejo,1634,894,80
2025-01-30,Genteng,1658,701,51
2025-01-30,Tegalsari,1368,640,66
2025-01-30,Sawahan,2190,1208,49
2025-01-30,Kenjeran,2702,975,101
2025-01-31,Gubeng,1437,533,119
2025-01-31,Sukolilo,1993,765,83
2025-01-31,Tambaksari,2965,1001,50
2025-01-31,Wonokromo,1971,977,45
2025-01-31,Rungkut,2929,1137,69
2025-01-31,Mulyorejo,1633,895,84
2025-01-31,Genteng,1663,706,55
2025-01-31,Tegalsari,1376,642,67
2025-01-31,Sawahan,2190,1213,49
2025-01-31,Kenjeran,2723,977,103
2025-02-01,Gubeng,1445,536,117
2025-02-01,Sukolilo,2006,768,86
2025-02-01,Tambaksari,2975,1003,48
2025-02-01,Wonokromo,1970,982,49
2025-02-01,Rungkut,2957,1141,67
2025-02-01,Mulyorejo,1650,900,88
2025-02-01,Genteng,1667,706,59
2025-02-01,Tegalsari,1387,645,69
2025-02-01,Sawahan,2203,1215,48
2025-02-01,Kenjeran,2754,980,106
2025-02-02,Gubeng,1458,536,118
2025-02-02,Sukolilo,2013,770,86
2025-02-02,Tambaksari,2998,1009,47
2025-02-02,Wonokromo,1975,987,50
2025-02-02,Rungkut,2965,1144,71
2025-02-02,Mulyorejo,1662,900,89
2025-02-02,Genteng,1667,708,59
2025-02-02,Tegalsari,1387,651,70
2025-02-02,Sawahan,2222,1221,46
2025-02-02,Kenjeran,2774,984,107
2025-02-03,Gubeng,1464,537,120
2025-02-03,Sukolilo,2020,776,87
2025-02-03,Tambaksari,3019,1015,45
2025-02-03,Wonokromo,1977,991,49
2025-02-03,Rungkut,2996,1147,74
2025-02-03,Mulyorejo,1669,900,92
2025-02-03,Genteng,1678,709,62
2025-02-03,Tegalsari,1388,655,68
2025-02-03,Sawahan,2233,1221,45
2025-02-03,Kenjeran,2806,984,108
2025-02-04,Gubeng,1480,542,124
2025-02-04,Sukolilo,2022,781,87
2025-02-04,Tambaksari,3036,1017,46
2025-02-04,Wonokromo,1994,994,48
2025-02-04,Rungkut,3010,1148,75
2025-02-04,Mulyorejo,1670,904,94
2025-02-04,Genteng,1691,710,66
2025-02-04,Tegalsari,1387,661,72
2025-02-04,Sawahan,2252,1223,49
2025-02-04,Kenjeran,2822,990,106
2025-02-05,Gubeng,1484,544,128
2025-02-05,Sukolilo,2035,786,88
2025-02-05,Tambaksari,3066,1020,48
2025-02-05,Wonokromo,2003,996,50
2025-02-05,Rungkut,3035,1151,76
2025-02-05,Mulyorejo,1686,910,93
2025-02-05,Genteng,1709,711,68
2025-02-05,Tegalsari,1392,667,76
2025-02-05,Sawahan,2259,1225,52
2025-02-05,Kenjeran,2837,996,107
2025-02-06,Gubeng,1490,549,132
2025-02-06,Sukolilo,2054,787,89
2025-02-06,Tambaksari,3100,1021,50
2025-02-06,Wonokromo,2023,998,54
2025-02-06,Rungkut,3037,1157,77
2025-02-06,Mulyorejo,1685,913,91
2025-02-06,Genteng,1722,714,72
2025-02-06,Tegalsari,1401,668,74
2025-02-06,Sawahan,2268,1227,52
2025-02-06,Kenjeran,2857,999,110
2025-02-07,Gubeng,1491,551,136
2025-02-07,Sukolilo,2069,791,90
2025-02-07,Tambaksari,3134,1026,53
2025-02-07,Wonokromo,2042,1001,58
2025-02-07,Rungkut,3055,1161,75
2025-02-07,Mulyorejo,1687,918,91
2025-02-07,Genteng,1741,719,70
2025-02-07,Tegalsari,1407,668,78
2025-02-07,Sawahan,2282,1233,50
2025-02-07,Kenjeran,2871,1004,110
2025-02-08,Gubeng,1506,551,136
2025-02-08,Sukolilo,2087,793,90
2025-02-08,Tambaksari,3147,1027,52
2025-02-08,Wonokromo,2052,1005,61
2025-02-08,Rungkut,3082,1162,74
2025-02-08,Mulyorejo,1686,924,92
2025-02-08,Genteng,1752,720,71
2025-02-08,Tegalsari,1421,669,77
2025-02-08,Sawahan,2291,1235,51
2025-02-08,Kenjeran,2878,1004,114
2025-02-09,Gubeng,1514,553,139
2025-02-09,Sukolilo,2099,793,91
2025-02-09,Tambaksari,3182,1031,52
2025-02-09,Wonokromo,2065,1008,64
2025-02-09,Rungkut,3089,1168,74
2025-02-09,Mulyorejo,1687,927,96
2025-02-09,Genteng,1761,721,72
2025-02-09,Tegalsari,1429,673,77
2025-02-09,Sawahan,2315,1237,49
2025-02-09,Kenjeran,2910,1009,115
2025-02-10,Gubeng,1518,557,143
2025-02-10,Sukolilo,2115,798,89
2025-02-10,Tambaksari,3216,1036,53
2025-02-10,Wonokromo,2083,1010,68
2025-02-10,Rungkut,3117,1172,78
2025-02-10,Mulyorejo,1691,932,95
2025-02-10,Genteng,1773,726,76
2025-02-10,Tegalsari,1440,678,80
2025-02-10,Sawahan,2335,1242,47
2025-02-10,Kenjeran,2940,1014,113
2025-02-11,Gubeng,1523,560,141
2025-02-11,Sukolilo,2128,803,88
2025-02-11,Tambaksari,3218,1038,53
2025-02-11,Wonokromo,2099,1011,67
2025-02-11,Rungkut,3120,1176,78
2025-02-11,Mulyorejo,1699,934,99
2025-02-11,Genteng,1775,732,77
2025-02-11,Tegalsari,1455,680,83
2025-02-11,Sawahan,2356,1248,45
2025-02-11,Kenjeran,2955,1014,112
2025-02-12,Gubeng,1536,561,145
2025-02-12,Sukolilo,2144,808,89
2025-02-12,Tambaksari,3254,1044,55
2025-02-12,Wonokromo,2106,1017,68
2025-02-12,Rungkut,3118,1180,76
2025-02-12,Mulyorejo,1705,939,102
2025-02-12,Genteng,1788,736,78
2025-02-12,Tegalsari,1468,682,81
2025-02-12,Sawahan,2371,1251,43
2025-02-12,Kenjeran,2976,1018,112
2025-02-13,Gubeng,1552,562,148
2025-02-13,Sukolilo,2144,814,90
2025-02-13,Tambaksari,3288,1046,58
2025-02-13,Wonokromo,2114,1018,66
2025-02-13,Rungkut,3151,1182,77
2025-02-13,Mulyorejo,1704,940,104
2025-02-13,Genteng,1789,739,78
2025-02-13,Tegalsari,1478,687,84
2025-02-13,Sawahan,2394,1254,45
2025-02-13,Kenjeran,3001,1019,113
2025-02-14,Gubeng,1563,568,149
2025-02-14,Sukolilo,2158,816,88
2025-02-14,Tambaksari,3314,1047,59
2025-02-14,Wonokromo,2123,1019,70
2025-02-14,Rungkut,3163,1187,77
2025-02-14,Mulyorejo,1712,945,104
2025-02-14,Genteng,1789,741,77
2025-02-14,Tegalsari,1493,693,88
2025-02-14,Sawahan,2403,1259,44
2025-02-14,Kenjeran,3023,1023,111
2025-02-15,Gubeng,1563,570,148
2025-02-15,Sukolilo,2182,822,90
2025-02-15,Tambaksari,3321,1053,63
2025-02-15,Wonokromo,2134,1023,69
2025-02-15,Rungkut,3192,1188,77
2025-02-15,Mulyorejo,1725,951,106
2025-02-15,Genteng,1787,747,76
2025-02-15,Tegalsari,1509,697,88
2025-02-15,Sawahan,2422,1259,47
2025-02-15,Kenjeran,3053,1024,109
2025-02-16,Gubeng,1569,576,147
2025-02-16,Sukolilo,2196,822,89
2025-02-16,Tambaksari,3331,1054,66
2025-02-16,Wonokromo,2142,1023,72
2025-02-16,Rungkut,3192,1191,81
2025-02-16,Mulyorejo,1730,955,104
2025-02-16,Genteng,1795,748,78
2025-02-16,Tegalsari,1508,703,92
2025-02-16,Sawahan,2437,1261,48
2025-02-16,Kenjeran,3075,1024,107
2025-02-17,Gubeng,1587,582,148
2025-02-17,Sukolilo,2206,822,90
2025-02-17,Tambaksari,3358,1057,64
2025-02-17,Wonokromo,2162,1025,74
2025-02-17,Rungkut,3196,1192,81
2025-02-17,Mulyorejo,1740,959,106
2025-02-17,Genteng,1809,751,80
2025-02-17,Tegalsari,1516,706,94
2025-02-17,Sawahan,2451,1261,52
2025-02-17,Kenjeran,3100,1030,110
2025-02-18,Gubeng,1598,588,150
2025-02-18,Sukolilo,2224,823,91
2025-02-18,Tambaksari,3375,1058,65
2025-02-18,Wonokromo,2168,1028,75
2025-02-18,Rungkut,3210,1192,81
2025-02-18,Mulyorejo,1746,964,106
2025-02-18,Genteng,1816,752,83
2025-02-18,Tegalsari,1531,706,92
2025-02-18,Sawahan,2472,1261,53
2025-02-18,Kenjeran,3102,1035,110
2025-02-19,Gubeng,1613,592,148
2025-02-19,Sukolilo,2238,827,93
2025-02-19,Tambaksari,3387,1058,66
2025-02-19,Wonokromo,2175,1033,79
2025-02-19,Rungkut,3224,1197,79
2025-02-19,Mulyorejo,1763,968,106
2025-02-19,Genteng,1822,756,85
2025-02-19,Tegalsari,1533,711,93
2025-02-19,Sawahan,2475,1261,53
2025-02-19,Kenjeran,3132,1037,108
2025-02-20,Gubeng,1627,596,147
2025-02-20,Sukolilo,2258,833,95
2025-02-20,Tambaksari,3426,1064,68
2025-02-20,Wonokromo,2188,1038,81
2025-02-20,Rungkut,3223,1202,83
2025-02-20,Mulyorejo,1775,968,105
2025-02-20,Genteng,1826,762,85
2025-02-20,Tegalsari,1548,713,91
2025-02-20,Sawahan,2477,1262,55
2025-02-20,Kenjeran,3155,1037,107
2025-02-21,Gubeng,1640,596,145
2025-02-21,Sukolilo,2277,834,96
2025-02-21,Tambaksari,3442,1066,67
2025-02-21,Wonokromo,2195,1043,81
2025-02-21,Rungkut,3251,1206,85
2025-02-21,Mulyorejo,1774,968,104
2025-02-21,Genteng,1828,766,83
2025-02-21,Tegalsari,1559,715,92
2025-02-21,Sawahan,2493,1265,57
2025-02-21,Kenjeran,3171,1039,106
2025-02-22,Gubeng,1654,596,145
2025-02-22,Sukolilo,2287,836,99
2025-02-22,Tambaksari,3469,1069,69
2025-02-22,Wonokromo,2210,1043,80
2025-02-22,Rungkut,3264,1210,83
2025-02-22,Mulyorejo,1771,970,103
2025-02-22,Genteng,1843,772,83
2025-02-22,Tegalsari,1563,715,90
2025-02-22,Sawahan,2504,1268,56
2025-02-22,Kenjeran,3175,1043,109
2025-02-23,Gubeng,1658,600,149
2025-02-23,Sukolilo,2304,838,97
2025-02-23,Tambaksari,3485,1074,67
2025-02-23,Wonokromo,2219,1046,78
2025-02-23,Rungkut,3296,1214,84
2025-02-23,Mulyorejo,1780,975,106
2025-02-23,Genteng,1851,772,84
2025-02-23,Tegalsari,1562,717,89
2025-02-23,Sawahan,2524,1272,57
2025-02-23,Kenjeran,3206,1045,107
2025-02-24,Gubeng,1666,600,148
2025-02-24,Sukolilo,2315,841,99
2025-02-24,Tambaksari,3487,1080,67
2025-02-24,Wonokromo,2236,1047,78
2025-02-24,Rungkut,3325,1214,86
2025-02-24,Mulyorejo,1791,979,108
2025-02-24,Genteng,1854,778,84
2025-02-24,Tegalsari,1567,723,92
2025-02-24,Sawahan,2545,1273,55
2025-02-24,Kenjeran,3210,1046,106
2025-02-25,Gubeng,1677,606,152
2025-02-25,Sukolilo,2332,842,103
2025-02-25,Tambaksari,3512,1083,71
2025-02-25,Wonokromo,2248,1051,79
2025-02-25,Rungkut,3350,1218,89
2025-02-25,Mulyorejo,1802,983,108
2025-02-25,Genteng,1872,783,84
2025-02-25,Tegalsari,1568,723,93
2025-02-25,Sawahan,2555,1275,59
2025-02-25,Kenjeran,3219,1046,106
2025-02-26,Gubeng,1686,608,153
2025-02-26,Sukolilo,2343,842,103
2025-02-26,Tambaksari,3546,1083,74
2025-02-26,Wonokromo,2269,1057,77
2025-02-26,Rungkut,3373,1222,90
2025-02-26,Mulyorejo,1809,987,112
2025-02-26,Genteng,1887,783,85
2025-02-26,Tegalsari,1583,727,96
2025-02-26,Sawahan,2557,1279,60
2025-02-26,Kenjeran,3237,1046,107
2025-02-27,Gubeng,1687,614,153
2025-02-27,Sukolilo,2369,842,105
2025-02-27,Tambaksari,3573,1083,73
2025-02-27,Wonokromo,2286,1060,79
2025-02-27,Rungkut,3392,1223,90
2025-02-27,Mulyorejo,1814,989,113
2025-02-27,Genteng,1895,785,88
2025-02-27,Tegalsari,1593,733,99
2025-02-27,Sawahan,2573,1279,60
2025-02-27,Kenjeran,3240,1051,108
2025-02-28,Gubeng,1692,619,157
2025-02-28,Sukolilo,2386,846,109
2025-02-28,Tambaksari,3579,1083,75
2025-02-28,Wonokromo,2302,1062,79
2025-02-28,Rungkut,3429,1228,93
2025-02-28,Mulyorejo,1820,993,116
2025-02-28,Genteng,1915,787,90
2025-02-28,Tegalsari,1598,739,99
2025-02-28,Sawahan,2595,1284,63
2025-02-28,Kenjeran,3271,1056,111
2025-03-01,Gubeng,1710,619,160
2025-03-01,Sukolilo,2404,850,109
2025-03-01,Tambaksari,3579,1085,74
2025-03-01,Wonokromo,2326,1064,83
2025-03-01,Rungkut,3447,1229,92
2025-03-01,Mulyorejo,1820,995,120
2025-03-01,Genteng,1931,791,94
2025-03-01,Tegalsari,1606,744,101
2025-03-01,Sawahan,2593,1286,67
2025-03-01,Kenjeran,3294,1060,112
2025-03-02,Gubeng,1712,620,164
2025-03-02,Sukolilo,2423,854,113
2025-03-02,Tambaksari,3617,1090,75
2025-03-02,Wonokromo,2325,1066,86
2025-03-02,Rungkut,3475,1232,94
2025-03-02,Mulyorejo,1823,1000,124
2025-03-02,Genteng,1940,795,93
2025-03-02,Tegalsari,1610,750,105
2025-03-02,Sawahan,2604,1292,66
2025-03-02,Kenjeran,3307,1064,113
2025-03-03,Gubeng,1721,622,168
2025-03-03,Sukolilo,2433,858,114
2025-03-03,Tambaksari,3658,1096,74
2025-03-03,Wonokromo,2345,1067,90
2025-03-03,Rungkut,3484,1237,95
2025-03-03,Mulyorejo,1839,1004,122
2025-03-03,Genteng,1955,799,97
2025-03-03,Tegalsari,1610,750,109
2025-03-03,Sawahan,2605,1295,68
2025-03-03,Kenjeran,3312,1067,111
2025-03-04,Gubeng,1740,623,172
2025-03-04,Sukolilo,2445,860,112
2025-03-04,Tambaksari,3675,1099,76
2025-03-04,Wonokromo,2353,1070,88
2025-03-04,Rungkut,3498,1237,95
2025-03-04,Mulyorejo,1856,1010,125
2025-03-04,Genteng,1969,805,96
2025-03-04,Tegalsari,1611,752,113
2025-03-04,Sawahan,2616,1301,67
2025-03-04,Kenjeran,3341,1070,112
2025-03-05,Gubeng,1752,623,170
2025-03-05,Sukolilo,2451,866,111
2025-03-05,Tambaksari,3698,1104,78
2025-03-05,Wonokromo,2365,1070,92
2025-03-05,Rungkut,3508,1239,93
2025-03-05,Mulyorejo,1854,1013,128
2025-03-05,Genteng,1986,808,94
2025-03-05,Tegalsari,1611,755,115
2025-03-05,Sawahan,2629,1306,69
2025-03-05,Kenjeran,3363,1075,111
2025-03-06,Gubeng,1757,623,172
2025-03-06,Sukolilo,2460,870,112
2025-03-06,Tambaksari,3706,1109,76
2025-03-06,Wonokromo,2377,1072,90
2025-03-06,Rungkut,3546,1243,95
2025-03-06,Mulyorejo,1868,1017,130
2025-03-06,Genteng,1985,814,95
2025-03-06,Tegalsari,1610,758,115
2025-03-06,Sawahan,2633,1306,69
2025-03-06,Kenjeran,3394,1077,110
2025-03-07,Gubeng,1772,628,170
2025-03-07,Sukolilo,2481,875,116
2025-03-07,Tambaksari,3720,1109,76
2025-03-07,Wonokromo,2390,1078,93
2025-03-07,Rungkut,3552,1249,98
2025-03-07,Mulyorejo,1875,1022,131
2025-03-07,Genteng,1998,820,94
2025-03-07,Tegalsari,1609,764,116
2025-03-07,Sawahan,2631,1307,67
2025-03-07,Kenjeran,3425,1077,110
2025-03-08,Gubeng,1791,632,171
2025-03-08,Sukolilo,2509,879,117
2025-03-08,Tambaksari,3731,1115,79
2025-03-08,Wonokromo,2393,1080,97
2025-03-08,Rungkut,3583,1255,101
2025-03-08,Mulyorejo,1879,1022,135
2025-03-08,Genteng,2005,823,97
2025-03-08,Tegalsari,1615,767,116
2025-03-08,Sawahan,2658,1310,70
2025-03-08,Kenjeran,3444,1083,112
2025-03-09,Gubeng,1796,632,174
2025-03-09,Sukolilo,2521,882,119
2025-03-09,Tambaksari,3775,1116,81
2025-03-09,Wonokromo,2399,1080,95
2025-03-09,Rungkut,3595,1257,101
2025-03-09,Mulyorejo,1886,1027,136
2025-03-09,Genteng,2007,826,97
2025-03-09,Tegalsari,1622,772,120
2025-03-09,Sawahan,2683,1314,71
2025-03-09,Kenjeran,3454,1089,110
2025-03-10,Gubeng,1797,637,175
2025-03-10,Sukolilo,2531,888,122
2025-03-10,Tambaksari,3805,1116,80
2025-03-10,Wonokromo,2421,1085,99
2025-03-10,Rungkut,3612,1258,99
2025-03-10,Mulyorejo,1888,1032,136
2025-03-10,Genteng,2014,830,95
2025-03-10,Tegalsari,1632,777,121
2025-03-10,Sawahan,2710,1316,72
2025-03-10,Kenjeran,3485,1093,109
2025-03-11,Gubeng,1807,640,175
2025-03-11,Sukolilo,2549,889,120
2025-03-11,Tambaksari,3806,1117,81
2025-03-11,Wonokromo,2433,1089,97
2025-03-11,Rungkut,3622,1260,102
2025-03-11,Mulyorejo,1895,1036,136
2025-03-11,Genteng,2029,833,94
2025-03-11,Tegalsari,1632,783,119
2025-03-11,Sawahan,2721,1321,73
2025-03-11,Kenjeran,3526,1099,112
2025-03-12,Gubeng,1827,642,178
2025-03-12,Sukolilo,2558,889,122
2025-03-12,Tambaksari,3830,1119,85
2025-03-12,Wonokromo,2435,1094,100
2025-03-12,Rungkut,3648,1266,102
2025-03-12,Mulyorejo,1903,1036,135
2025-03-12,Genteng,2047,834,98
2025-03-12,Tegalsari,1640,785,121
2025-03-12,Sawahan,2736,1324,77
2025-03-12,Kenjeran,3567,1100,114
2025-03-13,Gubeng,1845,642,178
2025-03-13,Sukolilo,2569,894,125
2025-03-13,Tambaksari,3851,1122,89
2025-03-13,Wonokromo,2444,1098,98
2025-03-13,Rungkut,3652,1268,105
2025-03-13,Mulyorejo,1902,1039,138
2025-03-13,Genteng,2058,835,102
2025-03-13,Tegalsari,1653,790,123
2025-03-13,Sawahan,2738,1325,78
2025-03-13,Kenjeran,3588,1106,112
2025-03-14,Gubeng,1863,646,177
2025-03-14,Sukolilo,2577,895,125
2025-03-14,Tambaksari,3894,1123,89
2025-03-14,Wonokromo,2469,1102,98
2025-03-14,Rungkut,3687,1270,104
2025-03-14,Mulyorejo,1913,1043,138
2025-03-14,Genteng,2059,837,104
2025-03-14,Tegalsari,1661,794,126
2025-03-14,Sawahan,2740,1329,77
2025-03-14,Kenjeran,3594,1110,115
2025-03-15,Gubeng,1882,648,181
2025-03-15,Sukolilo,2604,895,129
2025-03-15,Tambaksari,3934,1123,87
2025-03-15,Wonokromo,2494,1108,100
2025-03-15,Rungkut,3697,1271,108
2025-03-15,Mulyorejo,1923,1047,141
2025-03-15,Genteng,2058,842,106
2025-03-15,Tegalsari,1665,796,127
2025-03-15,Sawahan,2744,1335,80
2025-03-15,Kenjeran,3611,1113,113
2025-03-16,Gubeng,1897,649,182
2025-03-16,Sukolilo,2616,898,128
2025-03-16,Tambaksari,3950,1124,87
2025-03-16,Wonokromo,2517,1110,103
2025-03-16,Rungkut,3739,1273,109
2025-03-16,Mulyorejo,1923,1049,143
2025-03-16,Genteng,2070,844,105
2025-03-16,Tegalsari,1672,798,128
2025-03-16,Sawahan,2749,1335,78
2025-03-16,Kenjeran,3623,1116,117
2025-03-17,Gubeng,1910,650,186
2025-03-17,Sukolilo,2643,904,128
2025-03-17,Tambaksari,3994,1129,87
2025-03-17,Wonokromo,2520,1111,104
2025-03-17,Rungkut,3782,1276,110
2025-03-17,Mulyorejo,1940,1052,141
2025-03-17,Genteng,2070,847,107
2025-03-17,Tegalsari,1679,799,127
2025-03-17,Sawahan,2765,1335,76
2025-03-17,Kenjeran,3634,1120,121
2025-03-18,Gubeng,1924,653,186
2025-03-18,Sukolilo,2659,910,126
2025-03-18,Tambaksari,4014,1131,90
2025-03-18,Wonokromo,2528,1114,104
2025-03-18,Rungkut,3782,1276,112
2025-03-18,Mulyorejo,1950,1054,143
2025-03-18,Genteng,2075,850,109
2025-03-18,Tegalsari,1686,803,127
2025-03-18,Sawahan,2789,1339,79
2025-03-18,Kenjeran,3660,1121,119
2025-03-19,Gubeng,1932,659,186
2025-03-19,Sukolilo,2676,912,130
2025-03-19,Tambaksari,4021,1135,92
2025-03-19,Wonokromo,2538,1114,102
2025-03-19,Rungkut,3782,1281,112
2025-03-19,Mulyorejo,1966,1058,144
2025-03-19,Genteng,2077,854,108
2025-03-19,Tegalsari,1691,807,127
2025-03-19,Sawahan,2791,1343,82
2025-03-19,Kenjeran,3696,1125,119
2025-03-20,Gubeng,1943,663,188
2025-03-20,Sukolilo,2691,916,130
2025-03-20,Tambaksari,4044,1135,92
2025-03-20,Wonokromo,2545,1114,103
2025-03-20,Rungkut,3807,1287,115
2025-03-20,Mulyorejo,1983,1063,142
2025-03-20,Genteng,2090,856,111
2025-03-20,Tegalsari,1705,813,129
2025-03-20,Sawahan,2807,1348,80
2025-03-20,Kenjeran,3721,1126,121
2025-03-21,Gubeng,1957,667,192
2025-03-21,Sukolilo,2717,917,134
2025-03-21,Tambaksari,4077,1135,94
2025-03-21,Wonokromo,2571,1114,102
2025-03-21,Rungkut,3806,1289,116
2025-03-21,Mulyorejo,1983,1068,141
2025-03-21,Genteng,2099,862,113
2025-03-21,Tegalsari,1722,819,133
2025-03-21,Sawahan,2828,1348,83
2025-03-21,Kenjeran,3726,1127,123
2025-03-22,Gubeng,1964,672,193
2025-03-22,Sukolilo,2733,919,133
2025-03-22,Tambaksari,4099,1139,94
2025-03-22,Wonokromo,2585,1119,106
2025-03-22,Rungkut,3844,1294,119
2025-03-22,Mulyorejo,1999,1070,143
2025-03-22,Genteng,2109,863,113
2025-03-22,Tegalsari,1731,820,133
2025-03-22,Sawahan,2851,1353,82
2025-03-22,Kenjeran,3756,1130,123
2025-03-23,Gubeng,1974,676,197
2025-03-23,Sukolilo,2756,921,131
2025-03-23,Tambaksari,4127,1143,95
2025-03-23,Wonokromo,2610,1122,110
2025-03-23,Rungkut,3858,1300,123
2025-03-23,Mulyorejo,1999,1070,143
2025-03-23,Genteng,2131,863,113
2025-03-23,Tegalsari,1748,825,133
2025-03-23,Sawahan,2873,1354,81
2025-03-23,Kenjeran,3793,1132,125
2025-03-24,Gubeng,1990,677,195
2025-03-24,Sukolilo,2775,925,130
2025-03-24,Tambaksari,4139,1148,97
2025-03-24,Wonokromo,2615,1123,108
2025-03-24,Rungkut,3861,1302,126
2025-03-24,Mulyorejo,2007,1075,147
2025-03-24,Genteng,2133,867,112
2025-03-24,Tegalsari,1754,828,134
2025-03-24,Sawahan,2892,1360,81
2025-03-24,Kenjeran,3807,1137,123
2025-03-25,Gubeng,2011,677,198
2025-03-25,Sukolilo,2793,929,133
2025-03-25,Tambaksari,4175,1148,96
2025-03-25,Wonokromo,2626,1129,107
2025-03-25,Rungkut,3903,1302,130
2025-03-25,Mulyorejo,2013,1078,146
2025-03-25,Genteng,2155,873,112
2025-03-25,Tegalsari,1770,828,134
2025-03-25,Sawahan,2908,1360,81
2025-03-25,Kenjeran,3819,1142,125
2025-03-26,Gubeng,2023,678,202
2025-03-26,Sukolilo,2809,931,132
2025-03-26,Tambaksari,4215,1150,95
2025-03-26,Wonokromo,2646,1134,107
2025-03-26,Rungkut,3935,1302,133
2025-03-26,Mulyorejo,2018,1080,148
2025-03-26,Genteng,2171,874,111
2025-03-26,Tegalsari,1781,833,135
2025-03-26,Sawahan,2933,1364,81
2025-03-26,Kenjeran,3822,1147,123
2025-03-27,Gubeng,2027,679,203
2025-03-27,Sukolilo,2819,932,130
2025-03-27,Tambaksari,4228,1151,96
2025-03-27,Wonokromo,2667,1136,107
2025-03-27,Rungkut,3961,1306,131
2025-03-27,Mulyorejo,2021,1082,151
2025-03-27,Genteng,2175,879,109
2025-03-27,Tegalsari,1789,834,136
2025-03-27,Sawahan,2954,1369,85
2025-03-27,Kenjeran,3835,1147,126
2025-03-28,Gubeng,2048,681,203
2025-03-28,Sukolilo,2839,933,129
2025-03-28,Tambaksari,4252,1154,99
2025-03-28,Wonokromo,2696,1138,108
2025-03-28,Rungkut,3993,1309,135
2025-03-28,Mulyorejo,2031,1087,155
2025-03-28,Genteng,2179,880,112
2025-03-28,Tegalsari,1803,840,140
2025-03-28,Sawahan,2953,1372,87
2025-03-28,Kenjeran,3867,1147,128
2025-03-29,Gubeng,2050,687,205
2025-03-29,Sukolilo,2869,934,131
2025-03-29,Tambaksari,4279,1155,99
2025-03-29,Wonokromo,2721,1141,106
2025-03-29,Rungkut,4024,1314,137
2025-03-29,Mulyorejo,2040,1091,156
2025-03-29,Genteng,2198,883,111
2025-03-29,Tegalsari,1812,843,142
2025-03-29,Sawahan,2952,1375,90
2025-03-29,Kenjeran,3904,1152,126
2025-03-30,Gubeng,2059,693,203
2025-03-30,Sukolilo,2894,938,129
2025-03-30,Tambaksari,4281,1157,102
2025-03-30,Wonokromo,2721,1141,104
2025-03-30,Rungkut,4070,1317,135
2025-03-30,Mulyorejo,2044,1092,160
2025-03-30,Genteng,2200,888,114
2025-03-30,Tegalsari,1824,846,142
2025-03-30,Sawahan,2984,1378,91
2025-03-30,Kenjeran,3944,1155,127
2025-03-31,Gubeng,2060,698,207
2025-03-31,Sukolilo,2912,943,133
2025-03-31,Tambaksari,4299,1158,104
2025-03-31,Wonokromo,2731,1142,107
2025-03-31,Rungkut,4116,1323,133
2025-03-31,Mulyorejo,2059,1094,161
2025-03-31,Genteng,2216,892,115
2025-03-31,Tegalsari,1833,852,141
2025-03-31,Sawahan,2989,1380,90
2025-03-31,Kenjeran,3956,1160,131
2025-04-01,Gubeng,2062,704,210
2025-04-01,Sukolilo,2926,949,131
2025-04-01,Tambaksari,4311,1158,102
2025-04-01,Wonokromo,2748,1145,109
2025-04-01,Rungkut,4148,1329,131
2025-04-01,Mulyorejo,2062,1094,162
2025-04-01,Genteng,2226,896,114
2025-04-01,Tegalsari,1847,858,139
2025-04-01,Sawahan,2991,1382,89
2025-04-01,Kenjeran,3994,1165,133
2025-04-02,Gubeng,2069,708,214
2025-04-02,Sukolilo,2949,951,130
2025-04-02,Tambaksari,4327,1159,105
2025-04-02,Wonokromo,2763,1148,109
2025-04-02,Rungkut,4160,1333,133
2025-04-02,Mulyorejo,2081,1095,165
2025-04-02,Genteng,2242,900,115
2025-04-02,Tegalsari,1846,860,142
2025-04-02,Sawahan,3012,1388,91
2025-04-02,Kenjeran,4009,1168,134
2025-04-03,Gubeng,2072,711,213
2025-04-03,Sukolilo,2975,954,129
2025-04-03,Tambaksari,4371,1161,109
2025-04-03,Wonokromo,2784,1154,110
2025-04-03,Rungkut,4204,1337,134
2025-04-03,Mulyorejo,2102,1099,167
2025-04-03,Genteng,2244,901,115
2025-04-03,Tegalsari,1848,865,140
2025-04-03,Sawahan,3042,1394,91
2025-04-03,Kenjeran,4013,1173,138
2025-04-04,Gubeng,2076,713,214
2025-04-04,Sukolilo,2998,958,127
2025-04-04,Tambaksari,4417,1162,113
2025-04-04,Wonokromo,2807,1159,113
2025-04-04,Rungkut,4231,1340,133
2025-04-04,Mulyorejo,2121,1101,167
2025-04-04,Genteng,2268,901,114
2025-04-04,Tegalsari,1867,870,138
2025-04-04,Sawahan,3066,1400,92
2025-04-04,Kenjeran,4056,1178,140
2025-04-05,Gubeng,2093,716,213
2025-04-05,Sukolilo,3017,964,127
2025-04-05,Tambaksari,4437,1166,116
2025-04-05,Wonokromo,2817,1161,113
2025-04-05,Rungkut,4256,1343,134
2025-04-05,Mulyorejo,2120,1106,168
2025-04-05,Genteng,2287,903,113
2025-04-05,Tegalsari,1873,873,136
2025-04-05,Sawahan,3083,1401,95
2025-04-05,Kenjeran,4063,1180,142
2025-04-06,Gubeng,2116,720,216
2025-04-06,Sukolilo,3031,965,126
2025-04-06,Tambaksari,4455,1169,118
2025-04-06,Wonokromo,2843,1164,115
2025-04-06,Rungkut,4288,1348,134
2025-04-06,Mulyorejo,2123,1112,169
2025-04-06,Genteng,2312,908,116
2025-04-06,Tegalsari,1882,874,139
2025-04-06,Sawahan,3109,1402,94
2025-04-06,Kenjeran,4098,1183,141
2025-04-07,Gubeng,2138,724,219
2025-04-07,Sukolilo,3065,969,124
2025-04-07,Tambaksari,4500,1169,122
2025-04-07,Wonokromo,2863,1170,113
2025-04-07,Rungkut,4308,1354,137
2025-04-07,Mulyorejo,2126,1117,168
2025-04-07,Genteng,2311,912,117
2025-04-07,Tegalsari,1888,878,142
2025-04-07,Sawahan,3130,1406,95
2025-04-07,Kenjeran,4130,1183,139
2025-04-08,Gubeng,2151,727,217
2025-04-08,Sukolilo,3065,974,124
2025-04-08,Tambaksari,4529,1171,120
2025-04-08,Wonokromo,2878,1175,116
2025-04-08,Rungkut,4329,1355,135
2025-04-08,Mulyorejo,2146,1121,167
2025-04-08,Genteng,2316,916,119
2025-04-08,Tegalsari,1891,880,142
2025-04-08,Sawahan,3156,1406,95
2025-04-08,Kenjeran,4177,1186,141
2025-04-09,Gubeng,2156,732,216
2025-04-09,Sukolilo,3075,980,128
2025-04-09,Tambaksari,4534,1177,123
2025-04-09,Wonokromo,2902,1175,117
2025-04-09,Rungkut,4347,1359,136
2025-04-09,Mulyorejo,2144,1121,170
2025-04-09,Genteng,2319,919,123
2025-04-09,Tegalsari,1899,886,142
2025-04-09,Sawahan,3174,1412,93
2025-04-09,Kenjeran,4221,1186,140
2025-04-10,Gubeng,2161,738,219
2025-04-10,Sukolilo,3107,983,128
2025-04-10,Tambaksari,4537,1177,126
2025-04-10,Wonokromo,2932,1179,119
2025-04-10,Rungkut,4380,1360,140
2025-04-10,Mulyorejo,2149,1122,172
2025-04-10,Genteng,2321,925,126
2025-04-10,Tegalsari,1915,886,142
2025-04-10,Sawahan,3177,1413,95
2025-04-10,Kenjeran,4263,1189,143
2025-04-11,Gubeng,2183,740,220
2025-04-11,Sukolilo,3134,984,132
2025-04-11,Tambaksari,4591,1182,124
2025-04-11,Wonokromo,2947,1181,117
2025-04-11,Rungkut,4384,1361,144
2025-04-11,Mulyorejo,2148,1126,176
2025-04-11,Genteng,2336,929,127
2025-04-11,Tegalsari,1935,888,140
2025-04-11,Sawahan,3198,1419,96
2025-04-11,Kenjeran,4288,1191,145
2025-04-12,Gubeng,2207,743,219
2025-04-12,Sukolilo,3159,989,133
2025-04-12,Tambaksari,4596,1186,124
2025-04-12,Wonokromo,2973,1186,115
2025-04-12,Rungkut,4387,1362,145
2025-04-12,Mulyorejo,2163,1131,175
2025-04-12,Genteng,2355,931,127
2025-04-12,Tegalsari,1935,888,140
2025-04-12,Sawahan,3212,1425,96
2025-04-12,Kenjeran,4293,1191,144
2025-04-13,Gubeng,2217,747,221
2025-04-13,Sukolilo,3178,989,131
2025-04-13,Tambaksari,4601,1190,122
2025-04-13,Wonokromo,2992,1192,115
2025-04-13,Rungkut,4431,1362,145
2025-04-13,Mulyorejo,2170,1137,173
2025-04-13,Genteng,2374,935,126
2025-04-13,Tegalsari,1946,889,143
2025-04-13,Sawahan,3223,1426,96
2025-04-13,Kenjeran,4308,1194,143
2025-04-14,Gubeng,2218,750,221
2025-04-14,Sukolilo,3193,992,135
2025-04-14,Tambaksari,4605,1192,121
2025-04-14,Wonokromo,3016,1195,117
2025-04-14,Rungkut,4463,1365,143
2025-04-14,Mulyorejo,2170,1137,174
2025-04-14,Genteng,2382,939,127
2025-04-14,Tegalsari,1963,891,144
2025-04-14,Sawahan,3233,1432,100
2025-04-14,Kenjeran,4352,1198,142
2025-04-15,Gubeng,2225,754,224
2025-04-15,Sukolilo,3200,994,134
2025-04-15,Tambaksari,4659,1194,121
2025-04-15,Wonokromo,3040,1200,118
2025-04-15,Rungkut,4514,1371,142
2025-04-15,Mulyorejo,2175,1139,178
2025-04-15,Genteng,2403,941,125
2025-04-15,Tegalsari,1983,892,146
2025-04-15,Sawahan,3268,1433,103
2025-04-15,Kenjeran,4392,1198,145
2025-04-16,Gubeng,2236,759,223
2025-04-16,Sukolilo,3216,996,138
2025-04-16,Tambaksari,4698,1200,125
2025-04-16,Wonokromo,3067,1203,121
2025-04-16,Rungkut,4540,1376,142
2025-04-16,Mulyorejo,2178,1144,177
2025-04-16,Genteng,2422,947,126
2025-04-16,Tegalsari,1983,896,147
2025-04-16,Sawahan,3287,1437,105
2025-04-16,Kenjeran,4441,1204,148
2025-04-17,Gubeng,2246,759,227
2025-04-17,Sukolilo,3253,1001,142
2025-04-17,Tambaksari,4729,1205,123
2025-04-17,Wonokromo,3069,1204,124
2025-04-17,Rungkut,4575,1377,145
2025-04-17,Mulyorejo,2191,1148,180
2025-04-17,Genteng,2440,950,130
2025-04-17,Tegalsari,1989,902,148
2025-04-17,Sawahan,3288,1437,105
2025-04-17,Kenjeran,4453,1209,150
2025-04-18,Gubeng,2260,764,229
2025-04-18,Sukolilo,3261,1003,143
2025-04-18,Tambaksari,4756,1210,125
2025-04-18,Wonokromo,3092,1205,124
2025-04-18,Rungkut,4629,1380,143
2025-04-18,Mulyorejo,2195,1148,178
2025-04-18,Genteng,2463,955,129
2025-04-18,Tegalsari,1995,904,149
2025-04-18,Sawahan,3316,1441,106
2025-04-18,Kenjeran,4471,1209,151
2025-04-19,Gubeng,2279,767,229
2025-04-19,Sukolilo,3263,1003,147
2025-04-19,Tambaksari,4797,1210,129
2025-04-19,Wonokromo,3102,1205,127
2025-04-19,Rungkut,4673,1385,142
2025-04-19,Mulyorejo,2205,1152,177
2025-04-19,Genteng,2471,958,130
2025-04-19,Tegalsari,1998,907,152
2025-04-19,Sawahan,3320,1446,109
2025-04-19,Kenjeran,4494,1209,154
2025-04-20,Gubeng,2295,768,230
2025-04-20,Sukolilo,3285,1006,145
2025-04-20,Tambaksari,4838,1211,129
2025-04-20,Wonokromo,3128,1211,131
2025-04-20,Rungkut,4676,1385,146
2025-04-20,Mulyorejo,2225,1153,177
2025-04-20,Genteng,2479,961,128
2025-04-20,Tegalsari,2002,913,153
2025-04-20,Sawahan,3338,1451,109
2025-04-20,Kenjeran,4526,1213,155
2025-04-21,Gubeng,2310,770,230
2025-04-21,Sukolilo,3318,1010,144
2025-04-21,Tambaksari,4886,1216,133
2025-04-21,Wonokromo,3137,1215,133
2025-04-21,Rungkut,4680,1386,146
2025-04-21,Mulyorejo,2225,1155,175
2025-04-21,Genteng,2483,966,127
2025-04-21,Tegalsari,2012,916,155
2025-04-21,Sawahan,3340,1454,110
2025-04-21,Kenjeran,4536,1218,157
2025-04-22,Gubeng,2328,775,229
2025-04-22,Sukolilo,3339,1013,144
2025-04-22,Tambaksari,4895,1218,137
2025-04-22,Wonokromo,3152,1215,137
2025-04-22,Rungkut,4699,1386,147
2025-04-22,Mulyorejo,2225,1161,176
2025-04-22,Genteng,2510,970,130
2025-04-22,Tegalsari,2022,921,156
2025-04-22,Sawahan,3353,1460,111
2025-04-22,Kenjeran,4563,1218,159
2025-04-23,Gubeng,2328,781,228
2025-04-23,Sukolilo,3350,1015,143
2025-04-23,Tambaksari,4927,1219,141
2025-04-23,Wonokromo,3167,1220,141
2025-04-23,Rungkut,4741,1390,149
2025-04-23,Mulyorejo,2225,1161,176
2025-04-23,Genteng,2532,976,130
2025-04-23,Tegalsari,2033,927,154
2025-04-23,Sawahan,3380,1463,113
2025-04-23,Kenjeran,4575,1221,157
2025-04-24,Gubeng,2348,786,232
2025-04-24,Sukolilo,3359,1021,141
2025-04-24,Tambaksari,4954,1221,145
2025-04-24,Wonokromo,3196,1223,145
2025-04-24,Rungkut,4797,1396,153
2025-04-24,Mulyorejo,2228,1167,179
2025-04-24,Genteng,2548,978,134
2025-04-24,Tegalsari,2048,932,155
2025-04-24,Sawahan,3383,1464,117
2025-04-24,Kenjeran,4586,1222,161
2025-04-25,Gubeng,2349,788,234
2025-04-25,Sukolilo,3370,1025,140
2025-04-25,Tambaksari,4974,1226,145
2025-04-25,Wonokromo,3205,1225,149
2025-04-25,Rungkut,4826,1401,157
2025-04-25,Mulyorejo,2227,1173,183
2025-04-25,Genteng,2559,978,134
2025-04-25,Tegalsari,2067,933,158
2025-04-25,Sawahan,3415,1465,116
2025-04-25,Kenjeran,4625,1228,160
2025-04-26,Gubeng,2369,793,235
2025-04-26,Sukolilo,3389,1029,143
2025-04-26,Tambaksari,4991,1229,146
2025-04-26,Wonokromo,3220,1230,153
2025-04-26,Rungkut,4876,1401,158
2025-04-26,Mulyorejo,2237,1175,186
2025-04-26,Genteng,2586,980,135
2025-04-26,Tegalsari,2088,935,160
2025-04-26,Sawahan,3412,1471,120
2025-04-26,Kenjeran,4666,1233,161
2025-04-27,Gubeng,2386,798,235
2025-04-27,Sukolilo,3423,1035,145
2025-04-27,Tambaksari,5015,1232,150
2025-04-27,Wonokromo,3226,1232,153
2025-04-27,Rungkut,4924,1403,160
2025-04-27,Mulyorejo,2249,1179,190
2025-04-27,Genteng,2599,982,138
2025-04-27,Tegalsari,2105,935,158
2025-04-27,Sawahan,3434,1477,121
2025-04-27,Kenjeran,4667,1239,160
2025-04-28,Gubeng,2398,798,236
2025-04-28,Sukolilo,3431,1040,144
2025-04-28,Tambaksari,5069,1234,149
2025-04-28,Wonokromo,3258,1234,151
2025-04-28,Rungkut,4962,1405,158
2025-04-28,Mulyorejo,2256,1184,189
2025-04-28,Genteng,2599,987,138
2025-04-28,Tegalsari,2121,941,157
2025-04-28,Sawahan,3448,1477,124
2025-04-28,Kenjeran,4672,1240,161
2025-04-29,Gubeng,2399,802,235
2025-04-29,Sukolilo,3452,1043,142
2025-04-29,Tambaksari,5070,1236,153
2025-04-29,Wonokromo,3261,1240,152
2025-04-29,Rungkut,5003,1408,156
2025-04-29,Mulyorejo,2259,1184,192
2025-04-29,Genteng,2622,987,138
2025-04-29,Tegalsari,2128,943,156
2025-04-29,Sawahan,3460,1483,128
2025-04-29,Kenjeran,4721,1245,164
2025-04-30,Gubeng,2402,806,237
2025-04-30,Sukolilo,3452,1048,141
2025-04-30,Tambaksari,5097,1241,152
2025-04-30,Wonokromo,3283,1241,153
2025-04-30,Rungkut,5040,1411,160
2025-04-30,Mulyorejo,2261,1184,191
2025-04-30,Genteng,2644,991,141
2025-04-30,Tegalsari,2136,946,156
2025-04-30,Sawahan,3489,1484,128
2025-04-30,Kenjeran,4758,1246,166
2025-05-01,Gubeng,2418,811,239
2025-05-01,Sukolilo,3463,1053,139
2025-05-01,Tambaksari,5150,1246,152
2025-05-01,Wonokromo,3289,1245,155
2025-05-01,Rungkut,5051,1414,160
2025-05-01,Mulyorejo,2275,1190,195
2025-05-01,Genteng,2673,994,142
2025-05-01,Tegalsari,2137,949,159
2025-05-01,Sawahan,3511,1488,126
2025-05-01,Kenjeran,4814,1248,165
2025-05-02,Gubeng,2428,817,241
2025-05-02,Sukolilo,3480,1057,142
2025-05-02,Tambaksari,5161,1249,156
2025-05-02,Wonokromo,3290,1249,153
2025-05-02,Rungkut,5051,1415,158
2025-05-02,Mulyorejo,2297,1196,196
2025-05-02,Genteng,2688,999,145
2025-05-02,Tegalsari,2148,952,160
2025-05-02,Sawahan,3537,1488,129
2025-05-02,Kenjeran,4845,1252,164
2025-05-03,Gubeng,2435,819,239
2025-05-03,Sukolilo,3501,1058,146
2025-05-03,Tambaksari,5171,1251,157
2025-05-03,Wonokromo,3311,1255,157
2025-05-03,Rungkut,5090,1420,156
2025-05-03,Mulyorejo,2302,1199,199
2025-05-03,Genteng,2717,1000,143
2025-05-03,Tegalsari,2152,955,158
2025-05-03,Sawahan,3553,1492,127
2025-05-03,Kenjeran,4863,1257,167
2025-05-04,Gubeng,2456,819,237
2025-05-04,Sukolilo,3530,1063,144
2025-05-04,Tambaksari,5182,1253,159
2025-05-04,Wonokromo,3329,1261,160
2025-05-04,Rungkut,5105,1422,155
2025-05-04,Mulyorejo,2319,1205,199
2025-05-04,Genteng,2739,1000,147
2025-05-04,Tegalsari,2173,957,162
2025-05-04,Sawahan,3568,1496,125
2025-05-04,Kenjeran,4879,1261,170
2025-05-05,Gubeng,2457,822,239
2025-05-05,Sukolilo,3545,1066,148
2025-05-05,Tambaksari,5218,1255,158
2025-05-05,Wonokromo,3337,1261,162
2025-05-05,Rungkut,5146,1422,154
2025-05-05,Mulyorejo,2336,1205,197
2025-05-05,Genteng,2766,1000,146
2025-05-05,Tegalsari,2172,959,163
2025-05-05,Sawahan,3604,1497,129
2025-05-05,Kenjeran,4881,1267,173
2025-05-06,Gubeng,2478,825,238
2025-05-06,Sukolilo,3558,1069,151
2025-05-06,Tambaksari,5239,1261,156
2025-05-06,Wonokromo,3358,1261,164
2025-05-06,Rungkut,5187,1422,153
2025-05-06,Mulyorejo,2339,1209,195
2025-05-06,Genteng,2796,1000,147
2025-05-06,Tegalsari,2192,965,167
2025-05-06,Sawahan,3614,1497,131
2025-05-06,Kenjeran,4908,1269,172
2025-05-07,Gubeng,2486,831,238
2025-05-07,Sukolilo,3589,1070,152
2025-05-07,Tambaksari,5263,1264,160
2025-05-07,Wonokromo,3387,1266,166
2025-05-07,Rungkut,5234,1423,152
2025-05-07,Mulyorejo,2336,1212,193
2025-05-07,Genteng,2802,1002,150
2025-05-07,Tegalsari,2212,965,167
2025-05-07,Sawahan,3611,1502,132
2025-05-07,Kenjeran,4958,1274,172
2025-05-08,Gubeng,2488,835,237
2025-05-08,Sukolilo,3606,1070,151
2025-05-08,Tambaksari,5309,1264,158
2025-05-08,Wonokromo,3422,1272,168
2025-05-08,Rungkut,5260,1425,153
2025-05-08,Mulyorejo,2360,1212,195
2025-05-08,Genteng,2804,1003,153
2025-05-08,Tegalsari,2232,965,169
2025-05-08,Sawahan,3632,1505,135
2025-05-08,Kenjeran,5016,1275,172
2025-05-09,Gubeng,2495,837,241
2025-05-09,Sukolilo,3622,1076,154
2025-05-09,Tambaksari,5331,1267,158
2025-05-09,Wonokromo,3429,1273,167
2025-05-09,Rungkut,5309,1429,151
2025-05-09,Mulyorejo,2361,1213,196
2025-05-09,Genteng,2818,1006,151
2025-05-09,Tegalsari,2244,971,168
2025-05-09,Sawahan,3648,1508,135
2025-05-09,Kenjeran,5068,1275,171
2025-05-10,Gubeng,2518,839,245
2025-05-10,Sukolilo,3652,1080,152
2025-05-10,Tambaksari,5346,1273,158
2025-05-10,Wonokromo,3433,1278,166
2025-05-10,Rungkut,5371,1432,153
2025-05-10,Mulyorejo,2359,1215,196
2025-05-10,Genteng,2844,1007,149
2025-05-10,Tegalsari,2267,977,169
2025-05-10,Sawahan,3669,1512,134
2025-05-10,Kenjeran,5074,1275,175
2025-05-11,Gubeng,2541,839,243
2025-05-11,Sukolilo,3654,1086,151
2025-05-11,Tambaksari,5355,1279,159
2025-05-11,Wonokromo,3446,1283,169
2025-05-11,Rungkut,5376,1436,153
2025-05-11,Mulyorejo,2381,1215,194
2025-05-11,Genteng,2877,1008,152
2025-05-11,Tegalsari,2277,978,167
2025-05-11,Sawahan,3706,1518,138
2025-05-11,Kenjeran,5095,1275,176
2025-05-12,Gubeng,2542,843,244
2025-05-12,Sukolilo,3689,1089,152
2025-05-12,Tambaksari,5358,1284,160
2025-05-12,Wonokromo,3451,1284,168
2025-05-12,Rungkut,5394,1439,152
2025-05-12,Mulyorejo,2379,1219,196
2025-05-12,Genteng,2884,1010,153
2025-05-12,Tegalsari,2286,982,168
2025-05-12,Sawahan,3706,1520,139
2025-05-12,Kenjeran,5104,1276,179
2025-05-13,Gubeng,2568,847,243
2025-05-13,Sukolilo,3716,1095,154
2025-05-13,Tambaksari,5410,1287,164
2025-05-13,Wonokromo,3478,1287,170
2025-05-13,Rungkut,5445,1441,154
2025-05-13,Mulyorejo,2390,1222,196
2025-05-13,Genteng,2889,1012,155
2025-05-13,Tegalsari,2290,988,172
2025-05-13,Sawahan,3715,1526,140
2025-05-13,Kenjeran,5137,1282,181
2025-05-14,Gubeng,2598,848,241
2025-05-14,Sukolilo,3726,1096,154
2025-05-14,Tambaksari,5446,1293,167
2025-05-14,Wonokromo,3478,1288,172
2025-05-14,Rungkut,5500,1447,155
2025-05-14,Mulyorejo,2397,1228,200
2025-05-14,Genteng,2894,1013,157
2025-05-14,Tegalsari,2296,993,175
2025-05-14,Sawahan,3728,1530,138
2025-05-14,Kenjeran,5181,1284,183
2025-05-15,Gubeng,2615,852,240
2025-05-15,Sukolilo,3763,1102,155
2025-05-15,Tambaksari,5482,1294,168
2025-05-15,Wonokromo,3477,1288,171
2025-05-15,Rungkut,5540,1447,157
2025-05-15,Mulyorejo,2407,1230,202
2025-05-15,Genteng,2900,1014,157
2025-05-15,Tegalsari,2313,999,179
2025-05-15,Sawahan,3764,1530,136
2025-05-15,Kenjeran,5191,1289,182
2025-05-16,Gubeng,2638,858,242
2025-05-16,Sukolilo,3801,1102,155
2025-05-16,Tambaksari,5529,1299,169
2025-05-16,Wonokromo,3499,1290,171
2025-05-16,Rungkut,5562,1448,160
2025-05-16,Mulyorejo,2431,1236,205
2025-05-16,Genteng,2932,1019,157
2025-05-16,Tegalsari,2316,1003,182
2025-05-16,Sawahan,3801,1534,140
2025-05-16,Kenjeran,5214,1294,184
2025-05-17,Gubeng,2663,861,242
2025-05-17,Sukolilo,3834,1104,154
2025-05-17,Tambaksari,5542,1299,172
2025-05-17,Wonokromo,3537,1293,175
2025-05-17,Rungkut,5629,1452,158
2025-05-17,Mulyorejo,2433,1238,209
2025-05-17,Genteng,2965,1020,160
2025-05-17,Tegalsari,2329,1006,181
2025-05-17,Sawahan,3813,1534,139
2025-05-17,Kenjeran,5236,1296,183
2025-05-18,Gubeng,2682,861,246
2025-05-18,Sukolilo,3866,1109,157
2025-05-18,Tambaksari,5602,1302,170
2025-05-18,Wonokromo,3546,1294,178
2025-05-18,Rungkut,5634,1454,162
2025-05-18,Mulyorejo,2433,1238,207
2025-05-18,Genteng,2977,1025,161
2025-05-18,Tegalsari,2354,1009,182
2025-05-18,Sawahan,3850,1536,141
2025-05-18,Kenjeran,5260,1302,184
2025-05-19,Gubeng,2707,865,249
2025-05-19,Sukolilo,3901,1110,156
2025-05-19,Tambaksari,5633,1308,174
2025-05-19,Wonokromo,3545,1294,178
2025-05-19,Rungkut,5652,1454,160
2025-05-19,Mulyorejo,2439,1241,206
2025-05-19,Genteng,3002,1029,159
2025-05-19,Tegalsari,2361,1013,183
2025-05-19,Sawahan,3879,1539,144
2025-05-19,Kenjeran,5271,1305,183
2025-05-20,Gubeng,2708,867,248
2025-05-20,Sukolilo,3946,1113,159
2025-05-20,Tambaksari,5672,1313,176
2025-05-20,Wonokromo,3554,1296,178
2025-05-20,Rungkut,5668,1454,161
2025-05-20,Mulyorejo,2452,1247,207
2025-05-20,Genteng,3006,1031,157
2025-05-20,Tegalsari,2371,1015,187
2025-05-20,Sawahan,3907,1543,145
2025-05-20,Kenjeran,5284,1305,182
2025-05-21,Gubeng,2713,869,246
2025-05-21,Sukolilo,3968,1113,159
2025-05-21,Tambaksari,5727,1316,177
2025-05-21,Wonokromo,3590,1298,176
2025-05-21,Rungkut,5712,1457,160
2025-05-21,Mulyorejo,2459,1250,207
2025-05-21,Genteng,3011,1031,157
2025-05-21,Tegalsari,2381,1017,186
2025-05-21,Sawahan,3943,1547,143
2025-05-21,Kenjeran,5294,1310,185
2025-05-22,Gubeng,2715,874,246
2025-05-22,Sukolilo,4006,1116,163
2025-05-22,Tambaksari,5769,1320,175
2025-05-22,Wonokromo,3624,1304,178
2025-05-22,Rungkut,5741,1461,163
2025-05-22,Mulyorejo,2481,1253,209
2025-05-22,Genteng,3041,1034,157
2025-05-22,Tegalsari,2381,1023,189
2025-05-22,Sawahan,3942,1551,145
2025-05-22,Kenjeran,5345,1315,187
2025-05-23,Gubeng,2719,880,247
2025-05-23,Sukolilo,4014,1117,162
2025-05-23,Tambaksari,5826,1321,173
2025-05-23,Wonokromo,3640,1309,179
2025-05-23,Rungkut,5755,1467,166
2025-05-23,Mulyorejo,2482,1257,209
2025-05-23,Genteng,3051,1039,161
2025-05-23,Tegalsari,2381,1026,191
2025-05-23,Sawahan,3958,1553,149
2025-05-23,Kenjeran,5363,1318,191
2025-05-24,Gubeng,2718,885,249
2025-05-24,Sukolilo,4042,1123,163
2025-05-24,Tambaksari,5835,1322,172
2025-05-24,Wonokromo,3663,1313,183
2025-05-24,Rungkut,5822,1467,164
2025-05-24,Mulyorejo,2495,1257,213
2025-05-24,Genteng,3060,1043,161
2025-05-24,Tegalsari,2404,1028,192
2025-05-24,Sawahan,3986,1557,151
2025-05-24,Kenjeran,5394,1319,191
2025-05-25,Gubeng,2730,889,251
2025-05-25,Sukolilo,4075,1126,161
2025-05-25,Tambaksari,5864,1324,175
2025-05-25,Wonokromo,3671,1318,184
2025-05-25,Rungkut,5887,1469,162
2025-05-25,Mulyorejo,2502,1263,213
2025-05-25,Genteng,3070,1049,162
2025-05-25,Tegalsari,2426,1033,190
2025-05-25,Sawahan,4030,1558,150
2025-05-25,Kenjeran,5414,1324,192
2025-05-26,Gubeng,2754,891,251
2025-05-26,Sukolilo,4110,1130,164
2025-05-26,Tambaksari,5872,1327,174
2025-05-26,Wonokromo,3709,1321,187
2025-05-26,Rungkut,5922,1473,166
2025-05-26,Mulyorejo,2510,1263,215
2025-05-26,Genteng,3098,1049,162
2025-05-26,Tegalsari,2444,1036,189
2025-05-26,Sawahan,4065,1562,152
2025-05-26,Kenjeran,5417,1325,196
2025-05-27,Gubeng,2760,891,250
2025-05-27,Sukolilo,4111,1130,164
2025-05-27,Tambaksari,5923,1329,174
2025-05-27,Wonokromo,3744,1325,188
2025-05-27,Rungkut,5968,1473,169
2025-05-27,Mulyorejo,2507,1265,216
2025-05-27,Genteng,3119,1050,166
2025-05-27,Tegalsari,2456,1040,189
2025-05-27,Sawahan,4079,1568,152
2025-05-27,Kenjeran,5466,1330,194
2025-05-28,Gubeng,2769,894,248
2025-05-28,Sukolilo,4119,1134,168
2025-05-28,Tambaksari,5993,1335,173
2025-05-28,Wonokromo,3771,1330,187
2025-05-28,Rungkut,5988,1476,171
2025-05-28,Mulyorejo,2504,1271,220
2025-05-28,Genteng,3143,1053,165
2025-05-28,Tegalsari,2473,1044,193
2025-05-28,Sawahan,4077,1570,154
2025-05-28,Kenjeran,5520,1332,197
2025-05-29,Gubeng,2800,899,248
2025-05-29,Sukolilo,4140,1137,172
2025-05-29,Tambaksari,6020,1337,172
2025-05-29,Wonokromo,3790,1335,189
2025-05-29,Rungkut,6048,1479,173
2025-05-29,Mulyorejo,2503,1275,223
2025-05-29,Genteng,3178,1059,165
2025-05-29,Tegalsari,2487,1048,195
2025-05-29,Sawahan,4088,1575,152
2025-05-29,Kenjeran,5553,1334,197
2025-05-30,Gubeng,2821,905,248
2025-05-30,Sukolilo,4153,1142,175
2025-05-30,Tambaksari,6043,1338,174
2025-05-30,Wonokromo,3823,1335,193
2025-05-30,Rungkut,6111,1485,175
2025-05-30,Mulyorejo,2511,1277,226
2025-05-30,Genteng,3182,1059,168
2025-05-30,Tegalsari,2500,1050,195
2025-05-30,Sawahan,4130,1578,153
2025-05-30,Kenjeran,5603,1338,200
2025-05-31,Gubeng,2854,911,247
2025-05-31,Sukolilo,4170,1147,174
2025-05-31,Tambaksari,6094,1343,178
2025-05-31,Wonokromo,3843,1340,193
2025-05-31,Rungkut,6149,1491,174
2025-05-31,Mulyorejo,2533,1281,225
2025-05-31,Genteng,3192,1062,167
2025-05-31,Tegalsari,2520,1055,199
2025-05-31,Sawahan,4155,1579,156
2025-05-31,Kenjeran,5664,1343,198
2025-06-01,Gubeng,2861,912,250
2025-06-01,Sukolilo,4213,1150,178
2025-06-01,Tambaksari,6161,1345,178
2025-06-01,Wonokromo,3868,1343,197
2025-06-01,Rungkut,6159,1491,178
2025-06-01,Mulyorejo,2549,1285,227
2025-06-01,Genteng,3193,1063,169
2025-06-01,Tegalsari,2521,1060,200
2025-06-01,Sawahan,4179,1582,154
2025-06-01,Kenjeran,5724,1344,197
2025-06-02,Gubeng,2894,914,251
2025-06-02,Sukolilo,4263,1153,177
2025-06-02,Tambaksari,6186,1350,177
2025-06-02,Wonokromo,3902,1346,197
2025-06-02,Rungkut,6207,1492,178
2025-06-02,Mulyorejo,2565,1285,228
2025-06-02,Genteng,3202,1069,173
2025-06-02,Tegalsari,2524,1066,199
2025-06-02,Sawahan,4201,1588,158
2025-06-02,Kenjeran,5731,1348,198
2025-06-03,Gubeng,2915,917,252
2025-06-03,Sukolilo,4312,1156,175
2025-06-03,Tambaksari,6191,1351,180
2025-06-03,Wonokromo,3918,1346,197
2025-06-03,Rungkut,6264,1496,177
2025-06-03,Mulyorejo,2562,1285,231
2025-06-03,Genteng,3229,1070,176
2025-06-03,Tegalsari,2548,1068,198
2025-06-03,Sawahan,4203,1592,160
2025-06-03,Kenjeran,5753,1348,202
2025-06-04,Gubeng,2916,919,253
2025-06-04,Sukolilo,4350,1160,177
2025-06-04,Tambaksari,6218,1356,179
2025-06-04,Wonokromo,3932,1349,197
2025-06-04,Rungkut,6321,1497,181
2025-06-04,Mulyorejo,2571,1286,230
2025-06-04,Genteng,3256,1071,175
2025-06-04,Tegalsari,2568,1072,200
2025-06-04,Sawahan,4209,1594,163
2025-06-04,Kenjeran,5799,1348,203
2025-06-05,Gubeng,2946,921,257
2025-06-05,Sukolilo,4378,1160,179
2025-06-05,Tambaksari,6294,1361,177
2025-06-05,Wonokromo,3961,1349,195
2025-06-05,Rungkut,6374,1500,182
2025-06-05,Mulyorejo,2579,1290,230
2025-06-05,Genteng,3273,1072,174
2025-06-05,Tegalsari,2587,1077,198
2025-06-05,Sawahan,4221,1599,161
2025-06-05,Kenjeran,5846,1350,205
2025-06-06,Gubeng,2967,922,258
2025-06-06,Sukolilo,4422,1160,181
2025-06-06,Tambaksari,6350,1361,177
2025-06-06,Wonokromo,3965,1349,196
2025-06-06,Rungkut,6390,1501,186
2025-06-06,Mulyorejo,2584,1294,229
2025-06-06,Genteng,3286,1075,174
2025-06-06,Tegalsari,2590,1081,199
2025-06-06,Sawahan,4264,1604,162
2025-06-06,Kenjeran,5870,1350,203
2025-06-07,Gubeng,2990,922,262
2025-06-07,Sukolilo,4453,1163,180
2025-06-07,Tambaksari,6424,1367,179
2025-06-07,Wonokromo,3967,1354,194
2025-06-07,Rungkut,6461,1506,185
2025-06-07,Mulyorejo,2595,1296,229
2025-06-07,Genteng,3303,1075,178
2025-06-07,Tegalsari,2593,1081,203
2025-06-07,Sawahan,4276,1610,165
2025-06-07,Kenjeran,5893,1355,201
2025-06-08,Gubeng,2993,928,260
2025-06-08,Sukolilo,4454,1164,183
2025-06-08,Tambaksari,6476,1369,179
2025-06-08,Wonokromo,4008,1358,194
2025-06-08,Rungkut,6530,1506,185
2025-06-08,Mulyorejo,2617,1297,227
2025-06-08,Genteng,3318,1078,178
2025-06-08,Tegalsari,2617,1086,207
2025-06-08,Sawahan,4298,1613,168
2025-06-08,Kenjeran,5957,1356,199
2025-06-09,Gubeng,2997,933,258
2025-06-09,Sukolilo,4507,1170,182
2025-06-09,Tambaksari,6486,1373,180
2025-06-09,Wonokromo,4045,1363,195
2025-06-09,Rungkut,6546,1509,189
2025-06-09,Mulyorejo,2625,1297,231
2025-06-09,Genteng,3344,1084,181
2025-06-09,Tegalsari,2645,1087,208
2025-06-09,Sawahan,4343,1613,169
2025-06-09,Kenjeran,5990,1356,199
2025-06-10,Gubeng,3020,933,261
2025-06-10,Sukolilo,4554,1174,186
2025-06-10,Tambaksari,6546,1378,182
2025-06-10,Wonokromo,4054,1368,199
2025-06-10,Rungkut,6574,1513,192
2025-06-10,Mulyorejo,2643,1297,232
2025-06-10,Genteng,3369,1085,182
2025-06-10,Tegalsari,2654,1092,211
2025-06-10,Sawahan,4360,1619,173
2025-06-10,Kenjeran,6032,1360,197
2025-06-11,Gubeng,3020,934,263
2025-06-11,Sukolilo,4601,1180,187
2025-06-11,Tambaksari,6616,1378,186
2025-06-11,Wonokromo,4076,1369,199
2025-06-11,Rungkut,6652,1513,194
2025-06-11,Mulyorejo,2647,1302,233
2025-06-11,Genteng,3384,1086,180
2025-06-11,Tegalsari,2666,1098,213
2025-06-11,Sawahan,4381,1625,174
2025-06-11,Kenjeran,6066,1360,198
2025-06-12,Gubeng,3046,934,261
2025-06-12,Sukolilo,4624,1180,189
2025-06-12,Tambaksari,6662,1384,184
2025-06-12,Wonokromo,4113,1373,202
2025-06-12,Rungkut,6678,1517,196
2025-06-12,Mulyorejo,2650,1307,234
2025-06-12,Genteng,3421,1088,184
2025-06-12,Tegalsari,2665,1099,217
2025-06-12,Sawahan,4402,1629,178
2025-06-12,Kenjeran,6113,1363,201
2025-06-13,Gubeng,3069,939,262
2025-06-13,Sukolilo,4631,1186,192
2025-06-13,Tambaksari,6682,1386,184
2025-06-13,Wonokromo,4152,1379,202
2025-06-13,Rungkut,6723,1519,199
2025-06-13,Mulyorejo,2650,1308,235
2025-06-13,Genteng,3426,1093,187
2025-06-13,Tegalsari,2686,1099,217
2025-06-13,Sawahan,4432,1630,176
2025-06-13,Kenjeran,6183,1366,200
2025-06-14,Gubeng,3085,945,261
2025-06-14,Sukolilo,4671,1186,196
2025-06-14,Tambaksari,6718,1391,188
2025-06-14,Wonokromo,4184,1379,206
2025-06-14,Rungkut,6797,1522,202
2025-06-14,Mulyorejo,2665,1312,234
2025-06-14,Genteng,3465,1093,189
2025-06-14,Tegalsari,2707,1103,218
2025-06-14,Sawahan,4474,1633,178
2025-06-14,Kenjeran,6243,1367,203
2025-06-15,Gubeng,3106,950,265
2025-06-15,Sukolilo,4679,1189,199
2025-06-15,Tambaksari,6769,1393,190
2025-06-15,Wonokromo,4227,1382,208
2025-06-15,Rungkut,6873,1528,201
2025-06-15,Mulyorejo,2670,1314,234
2025-06-15,Genteng,3483,1094,188
2025-06-15,Tegalsari,2718,1108,221
2025-06-15,Sawahan,4499,1639,181
2025-06-15,Kenjeran,6286,1369,206
2025-06-16,Gubeng,3133,954,268
2025-06-16,Sukolilo,4692,1190,201
2025-06-16,Tambaksari,6830,1398,190
2025-06-16,Wonokromo,4272,1383,211
2025-06-16,Rungkut,6928,1529,203
2025-06-16,Mulyorejo,2684,1319,234
2025-06-16,Genteng,3512,1100,188
2025-06-16,Tegalsari,2734,1112,223
2025-06-16,Sawahan,4547,1644,182
2025-06-16,Kenjeran,6339,1375,208
2025-06-17,Gubeng,3143,960,269
2025-06-17,Sukolilo,4738,1194,199
2025-06-17,Tambaksari,6835,1399,188
2025-06-17,Wonokromo,4305,1384,211
2025-06-17,Rungkut,6992,1530,203
2025-06-17,Mulyorejo,2702,1320,238
2025-06-17,Genteng,3514,1106,188
2025-06-17,Tegalsari,2738,1116,221
2025-06-17,Sawahan,4564,1647,180
2025-06-17,Kenjeran,6388,1380,211
2025-06-18,Gubeng,3163,961,272
2025-06-18,Sukolilo,4775,1197,198
2025-06-18,Tambaksari,6879,1405,192
2025-06-18,Wonokromo,4340,1389,214
2025-06-18,Rungkut,6998,1533,204
2025-06-18,Mulyorejo,2712,1326,241
2025-06-18,Genteng,3526,1110,186
2025-06-18,Tegalsari,2736,1118,220
2025-06-18,Sawahan,4595,1653,184
2025-06-18,Kenjeran,6457,1386,210
2025-06-19,Gubeng,3197,966,275
2025-06-19,Sukolilo,4813,1203,200
2025-06-19,Tambaksari,6927,1409,191
2025-06-19,Wonokromo,4379,1390,214
2025-06-19,Rungkut,7038,1538,202
2025-06-19,Mulyorejo,2714,1327,244
2025-06-19,Genteng,3547,1113,184
2025-06-19,Tegalsari,2748,1122,220
2025-06-19,Sawahan,4600,1657,188
2025-06-19,Kenjeran,6479,1388,211
2025-06-20,Gubeng,3224,967,273
2025-06-20,Sukolilo,4822,1205,202
2025-06-20,Tambaksari,6934,1414,193
2025-06-20,Wonokromo,4422,1392,215
2025-06-20,Rungkut,7107,1542,202
2025-06-20,Mulyorejo,2713,1332,244
2025-06-20,Genteng,3568,1114,186
2025-06-20,Tegalsari,2748,1126,219
2025-06-20,Sawahan,4620,1661,189
2025-06-20,Kenjeran,6488,1389,210
2025-06-21,Gubeng,3249,969,273
2025-06-21,Sukolilo,4839,1211,204
2025-06-21,Tambaksari,6981,1418,197
2025-06-21,Wonokromo,4461,1397,213
2025-06-21,Rungkut,7119,1544,203
2025-06-21,Mulyorejo,2717,1337,246
2025-06-21,Genteng,3606,1115,184
2025-06-21,Tegalsari,2768,1128,220
2025-06-21,Sawahan,4668,1661,190
2025-06-21,Kenjeran,6510,1394,210
2025-06-22,Gubeng,3249,973,277
2025-06-22,Sukolilo,4884,1215,208
2025-06-22,Tambaksari,7026,1421,195
2025-06-22,Wonokromo,4476,1402,212
2025-06-22,Rungkut,7148,1544,201
2025-06-22,Mulyorejo,2719,1343,248
2025-06-22,Genteng,3628,1120,182
2025-06-22,Tegalsari,2773,1133,224
2025-06-22,Sawahan,4677,1666,191
2025-06-22,Kenjeran,6577,1395,212
2025-06-23,Gubeng,3281,978,281
2025-06-23,Sukolilo,4910,1221,206
2025-06-23,Tambaksari,7092,1422,193
2025-06-23,Wonokromo,4499,1404,210
2025-06-23,Rungkut,7158,1544,200
2025-06-23,Mulyorejo,2741,1347,246
2025-06-23,Genteng,3652,1121,182
2025-06-23,Tegalsari,2784,1136,227
2025-06-23,Sawahan,4697,1668,189
2025-06-23,Kenjeran,6610,1395,214
2025-06-24,Gubeng,3281,983,283
2025-06-24,Sukolilo,4914,1226,208
2025-06-24,Tambaksari,7099,1428,191
2025-06-24,Wonokromo,4517,1408,208
2025-06-24,Rungkut,7185,1549,200
2025-06-24,Mulyorejo,2757,1349,250
2025-06-24,Genteng,3692,1124,183
2025-06-24,Tegalsari,2809,1136,228
2025-06-24,Sawahan,4703,1669,188
2025-06-24,Kenjeran,6671,1401,218
2025-06-25,Gubeng,3314,985,286
2025-06-25,Sukolilo,4923,1231,212
2025-06-25,Tambaksari,7176,1433,191
2025-06-25,Wonokromo,4568,1408,210
2025-06-25,Rungkut,7263,1550,198
2025-06-25,Mulyorejo,2755,1353,252
2025-06-25,Genteng,3709,1128,181
2025-06-25,Tegalsari,2817,1141,231
2025-06-25,Sawahan,4752,1671,187
2025-06-25,Kenjeran,6706,1406,222
2025-06-26,Gubeng,3334,986,285
2025-06-26,Sukolilo,4937,1237,212
2025-06-26,Tambaksari,7196,1434,194
2025-06-26,Wonokromo,4611,1414,208
2025-06-26,Rungkut,7340,1554,199
2025-06-26,Mulyorejo,2773,1353,252
2025-06-26,Genteng,3738,1130,179
2025-06-26,Tegalsari,2821,1145,232
2025-06-26,Sawahan,4804,1673,186
2025-06-26,Kenjeran,6762,1407,220
2025-06-27,Gubeng,3345,986,284
2025-06-27,Sukolilo,4956,1240,212
2025-06-27,Tambaksari,7252,1436,197
2025-06-27,Wonokromo,4642,1418,210
2025-06-27,Rungkut,7375,1556,200
2025-06-27,Mulyorejo,2775,1355,251
2025-06-27,Genteng,3772,1135,182
2025-06-27,Tegalsari,2840,1147,236
2025-06-27,Sawahan,4822,1678,189
2025-06-27,Kenjeran,6791,1410,221
2025-06-28,Gubeng,3362,992,284
2025-06-28,Sukolilo,4985,1240,211
2025-06-28,Tambaksari,7311,1436,201
2025-06-28,Wonokromo,4657,1424,209
2025-06-28,Rungkut,7456,1557,200
2025-06-28,Mulyorejo,2796,1360,249
2025-06-28,Genteng,3804,1135,186
2025-06-28,Tegalsari,2855,1147,240
2025-06-28,Sawahan,4853,1681,193
2025-06-28,Kenjeran,6841,1410,223
2025-06-29,Gubeng,3372,996,285
2025-06-29,Sukolilo,5025,1241,211
2025-06-29,Tambaksari,7349,1442,203
2025-06-29,Wonokromo,4697,1426,208
2025-06-29,Rungkut,7500,1561,198
2025-06-29,Mulyorejo,2806,1364,247
2025-06-29,Genteng,3834,1141,190
2025-06-29,Tegalsari,2886,1152,239
2025-06-29,Sawahan,4895,1682,194
2025-06-29,Kenjeran,6857,1414,225
2025-06-30,Gubeng,3398,997,288
2025-06-30,Sukolilo,5070,1243,209
2025-06-30,Tambaksari,7371,1445,202
2025-06-30,Wonokromo,4700,1428,207
2025-06-30,Rungkut,7506,1562,200
2025-06-30,Mulyorejo,2833,1366,248
2025-06-30,Genteng,3855,1144,188
2025-06-30,Tegalsari,2885,1157,239
2025-06-30,Sawahan,4899,1686,197
2025-06-30,Kenjeran,6928,1420,228
2025-07-01,Gubeng,3408,1001,290
2025-07-01,Sukolilo,5081,1248,210
2025-07-01,Tambaksari,7406,1450,206
2025-07-01,Wonokromo,4703,1430,208
2025-07-01,Rungkut,7596,1563,202
2025-07-01,Mulyorejo,2843,1372,252
2025-07-01,Genteng,3870,1150,189
2025-07-01,Tegalsari,2913,1157,241
2025-07-01,Sawahan,4949,1689,196
2025-07-01,Kenjeran,6950,1424,231
2025-07-02,Gubeng,3419,1002,289
2025-07-02,Sukolilo,5091,1252,213
2025-07-02,Tambaksari,7482,1455,205
2025-07-02,Wonokromo,4725,1432,211
2025-07-02,Rungkut,7609,1568,203
2025-07-02,Mulyorejo,2856,1376,251
2025-07-02,Genteng,3899,1153,187
2025-07-02,Tegalsari,2919,1158,243
2025-07-02,Sawahan,4982,1690,199
2025-07-02,Kenjeran,6995,1428,230
2025-07-03,Gubeng,3421,1004,288
2025-07-03,Sukolilo,5123,1255,215
2025-07-03,Tambaksari,7572,1460,203
2025-07-03,Wonokromo,4774,1437,214
2025-07-03,Rungkut,7687,1568,202
2025-07-03,Mulyorejo,2868,1379,255
2025-07-03,Genteng,3921,1154,191
2025-07-03,Tegalsari,2931,1159,247
2025-07-03,Sawahan,5015,1696,198
2025-07-03,Kenjeran,7050,1432,230
2025-07-04,Gubeng,3427,1009,288
2025-07-04,Sukolilo,5180,1259,217
2025-07-04,Tambaksari,7582,1463,204
2025-07-04,Wonokromo,4781,1437,213
2025-07-04,Rungkut,7738,1572,205
2025-07-04,Mulyorejo,2879,1380,257
2025-07-04,Genteng,3925,1157,193
2025-07-04,Tegalsari,2950,1165,249
2025-07-04,Sawahan,5043,1696,196
2025-07-04,Kenjeran,7093,1433,232
2025-07-05,Gubeng,3449,1009,292
2025-07-05,Sukolilo,5223,1262,219
2025-07-05,Tambaksari,7624,1469,202
2025-07-05,Wonokromo,4820,1440,212
2025-07-05,Rungkut,7828,1575,209
2025-07-05,Mulyorejo,2902,1382,259
2025-07-05,Genteng,3962,1163,197
2025-07-05,Tegalsari,2972,1165,250
2025-07-05,Sawahan,5049,1699,200
2025-07-05,Kenjeran,7116,1439,230
2025-07-06,Gubeng,3460,1013,293
2025-07-06,Sukolilo,5240,1262,222
2025-07-06,Tambaksari,7695,1469,204
2025-07-06,Wonokromo,4849,1444,210
2025-07-06,Rungkut,7866,1576,212
2025-07-06,Mulyorejo,2926,1385,259
2025-07-06,Genteng,3966,1166,200
2025-07-06,Tegalsari,2991,1167,254
2025-07-06,Sawahan,5079,1703,200
2025-07-06,Kenjeran,7171,1444,231
2025-07-07,Gubeng,3491,1016,295
2025-07-07,Sukolilo,5290,1265,221
2025-07-07,Tambaksari,7733,1473,205
2025-07-07,Wonokromo,4863,1446,212
2025-07-07,Rungkut,7902,1581,213
2025-07-07,Mulyorejo,2948,1391,263
2025-07-07,Genteng,3997,1171,199
2025-07-07,Tegalsari,3005,1172,253
2025-07-07,Sawahan,5083,1707,201
2025-07-07,Kenjeran,7241,1450,233
2025-07-08,Gubeng,3516,1021,298
2025-07-08,Sukolilo,5294,1268,224
2025-07-08,Tambaksari,7737,1473,209
2025-07-08,Wonokromo,4871,1450,213
2025-07-08,Rungkut,7914,1583,212
2025-07-08,Mulyorejo,2957,1395,261
2025-07-08,Genteng,4031,1174,201
2025-07-08,Tegalsari,3026,1174,256
2025-07-08,Sawahan,5140,1707,205
2025-07-08,Kenjeran,7315,1455,234
2025-07-09,Gubeng,3534,1022,302
2025-07-09,Sukolilo,5337,1274,226
2025-07-09,Tambaksari,7767,1473,213
2025-07-09,Wonokromo,4905,1454,216
2025-07-09,Rungkut,7939,1584,215
2025-07-09,Mulyorejo,2955,1396,264
2025-07-09,Genteng,4030,1175,199
2025-07-09,Tegalsari,3060,1180,257
2025-07-09,Sawahan,5160,1710,206
2025-07-09,Kenjeran,7369,1459,232
2025-07-10,Gubeng,3565,1022,300
2025-07-10,Sukolilo,5373,1279,230
2025-07-10,Tambaksari,7823,1477,213
2025-07-10,Wonokromo,4925,1460,216
2025-07-10,Rungkut,7964,1585,216
2025-07-10,Mulyorejo,2984,1400,262
2025-07-10,Genteng,4042,1178,201
2025-07-10,Tegalsari,3062,1180,259
2025-07-10,Sawahan,5176,1710,210
2025-07-10,Kenjeran,7417,1461,234
2025-07-11,Gubeng,3599,1026,300
2025-07-11,Sukolilo,5419,1282,232
2025-07-11,Tambaksari,7872,1478,217
2025-07-11,Wonokromo,4944,1466,217
2025-07-11,Rungkut,8000,1589,220
2025-07-11,Mulyorejo,2981,1400,262
2025-07-11,Genteng,4045,1183,205
2025-07-11,Tegalsari,3096,1185,262
2025-07-11,Sawahan,5188,1712,211
2025-07-11,Kenjeran,7505,1465,236
2025-07-12,Gubeng,3599,1032,300
2025-07-12,Sukolilo,5436,1282,233
2025-07-12,Tambaksari,7939,1484,217
2025-07-12,Wonokromo,4948,1467,218
2025-07-12,Rungkut,8000,1590,222
2025-07-12,Mulyorejo,2987,1405,265
2025-07-12,Genteng,4090,1184,206
2025-07-12,Tegalsari,3121,1186,265
2025-07-12,Sawahan,5201,1714,210
2025-07-12,Kenjeran,7529,1471,235
2025-07-13,Gubeng,3635,1034,299
2025-07-13,Sukolilo,5488,1282,231
2025-07-13,Tambaksari,8000,1489,218
2025-07-13,Wonokromo,4984,1473,222
2025-07-13,Rungkut,8000,1590,226
2025-07-13,Mulyorejo,3001,1409,265
2025-07-13,Genteng,4114,1188,210
2025-07-13,Tegalsari,3129,1187,269
2025-07-13,Sawahan,5256,1716,211
2025-07-13,Kenjeran,7552,1475,234
2025-07-14,Gubeng,3637,1040,300
2025-07-14,Sukolilo,5521,1286,229
2025-07-14,Tambaksari,8000,1492,222
2025-07-14,Wonokromo,5024,1474,223
2025-07-14,Rungkut,8000,1595,228
2025-07-14,Mulyorejo,3014,1414,263
2025-07-14,Genteng,4114,1189,211
2025-07-14,Tegalsari,3149,1189,269
2025-07-14,Sawahan,5293,1718,210
2025-07-14,Kenjeran,7605,1476,234
2025-07-15,Gubeng,3657,1044,300
2025-07-15,Sukolilo,5546,1289,230
2025-07-15,Tambaksari,8000,1497,226
2025-07-15,Wonokromo,5046,1480,224
2025-07-15,Rungkut,8000,1596,230
2025-07-15,Mulyorejo,3015,1418,266
2025-07-15,Genteng,4125,1189,214
2025-07-15,Tegalsari,3157,1190,271
2025-07-15,Sawahan,5319,1721,209
2025-07-15,Kenjeran,7622,1481,233
2025-07-16,Gubeng,3677,1044,299
2025-07-16,Sukolilo,5575,1290,234
2025-07-16,Tambaksari,8000,1501,229
2025-07-16,Wonokromo,5064,1483,224
2025-07-16,Rungkut,8000,1602,232
2025-07-16,Mulyorejo,3013,1418,269
2025-07-16,Genteng,4133,1190,218
2025-07-16,Tegalsari,3165,1196,274
2025-07-16,Sawahan,5323,1726,209
2025-07-16,Kenjeran,7649,1483,235
2025-07-17,Gubeng,3701,1050,299
2025-07-17,Sukolilo,5599,1293,232
2025-07-17,Tambaksari,8000,1506,231
2025-07-17,Wonokromo,5075,1487,227
2025-07-17,Rungkut,8000,1603,236
2025-07-17,Mulyorejo,3020,1420,272
2025-07-17,Genteng,4158,1196,221
2025-07-17,Tegalsari,3180,1196,275
2025-07-17,Sawahan,5360,1729,212
2025-07-17,Kenjeran,7740,1489,234
2025-07-18,Gubeng,3729,1052,300
2025-07-18,Sukolilo,5643,1297,233
2025-07-18,Tambaksari,8000,1506,229
2025-07-18,Wonokromo,5084,1488,227
2025-07-18,Rungkut,8000,1605,239
2025-07-18,Mulyorejo,3026,1425,273
2025-07-18,Genteng,4171,1199,225
2025-07-18,Tegalsari,3211,1198,278
2025-07-18,Sawahan,5396,1732,213
2025-07-18,Kenjeran,7759,1495,232
2025-07-19,Gubeng,3734,1053,303
2025-07-19,Sukolilo,5661,1302,236
2025-07-19,Tambaksari,8000,1507,228
2025-07-19,Wonokromo,5107,1488,225
2025-07-19,Rungkut,8000,1608,241
2025-07-19,Mulyorejo,3024,1431,274
2025-07-19,Genteng,4197,1199,223
2025-07-19,Tegalsari,3219,1199,276
2025-07-19,Sawahan,5437,1735,213
2025-07-19,Kenjeran,7784,1500,232
2025-07-20,Gubeng,3754,1054,302
2025-07-20,Sukolilo,5698,1303,234
2025-07-20,Tambaksari,8000,1509,232
2025-07-20,Wonokromo,5162,1494,226
2025-07-20,Rungkut,8000,1614,243
2025-07-20,Mulyorejo,3054,1435,275
2025-07-20,Genteng,4203,1204,225
2025-07-20,Tegalsari,3224,1203,277
2025-07-20,Sawahan,5476,1740,215
2025-07-20,Kenjeran,7828,1505,235
2025-07-21,Gubeng,3778,1056,303
2025-07-21,Sukolilo,5736,1309,232
2025-07-21,Tambaksari,8000,1511,233
2025-07-21,Wonokromo,5177,1496,224
2025-07-21,Rungkut,8000,1620,247
2025-07-21,Mulyorejo,3081,1437,275
2025-07-21,Genteng,4226,1204,228
2025-07-21,Tegalsari,3258,1209,278
2025-07-21,Sawahan,5494,1746,216
2025-07-21,Kenjeran,7906,1509,234
2025-07-22,Gubeng,3814,1060,303
2025-07-22,Sukolilo,5750,1313,233
2025-07-22,Tambaksari,8000,1512,236
2025-07-22,Wonokromo,5222,1499,228
2025-07-22,Rungkut,8000,1622,245
2025-07-22,Mulyorejo,3093,1438,277
2025-07-22,Genteng,4264,1208,232
2025-07-22,Tegalsari,3283,1211,278
2025-07-22,Sawahan,5535,1750,220
2025-07-22,Kenjeran,7935,1510,238
2025-07-23,Gubeng,3817,1061,303
2025-07-23,Sukolilo,5759,1316,235
2025-07-23,Tambaksari,8000,1517,238
2025-07-23,Wonokromo,5252,1501,226
2025-07-23,Rungkut,8000,1626,243
2025-07-23,Mulyorejo,3096,1438,277
2025-07-23,Genteng,4277,1213,233
2025-07-23,Tegalsari,3310,1212,276
2025-07-23,Sawahan,5543,1753,219
2025-07-23,Kenjeran,7971,1512,242
2025-07-24,Gubeng,3853,1063,304
2025-07-24,Sukolilo,5808,1316,235
2025-07-24,Tambaksari,8000,1523,237
2025-07-24,Wonokromo,5255,1507,227
2025-07-24,Rungkut,8000,1629,242
2025-07-24,Mulyorejo,3099,1444,277
2025-07-24,Genteng,4319,1219,231
2025-07-24,Tegalsari,3313,1218,279
2025-07-24,Sawahan,5558,1759,220
2025-07-24,Kenjeran,7998,1512,241
2025-07-25,Gubeng,3874,1069,302
2025-07-25,Sukolilo,5846,1317,236
2025-07-25,Tambaksari,8000,1525,237
2025-07-25,Wonokromo,5264,1512,225
2025-07-25,Rungkut,8000,1633,244
2025-07-25,Mulyorejo,3100,1447,280
2025-07-25,Genteng,4334,1221,229
2025-07-25,Tegalsari,3345,1219,277
2025-07-25,Sawahan,5572,1762,220
2025-07-25,Kenjeran,8000,1518,241
2025-07-26,Gubeng,3901,1072,306
2025-07-26,Sukolilo,5865,1317,238
2025-07-26,Tambaksari,8000,1528,240
2025-07-26,Wonokromo,5301,1514,229
2025-07-26,Rungkut,8000,1634,245
2025-07-26,Mulyorejo,3100,1451,280
2025-07-26,Genteng,4382,1227,232
2025-07-26,Tegalsari,3345,1221,280
2025-07-26,Sawahan,5581,1766,224
2025-07-26,Kenjeran,8000,1521,240
2025-07-27,Gubeng,3916,1076,310
2025-07-27,Sukolilo,5912,1319,242
2025-07-27,Tambaksari,8000,1533,239
2025-07-27,Wonokromo,5302,1517,229
2025-07-27,Rungkut,8000,1636,243
2025-07-27,Mulyorejo,3114,1454,282
2025-07-27,Genteng,4397,1232,233
2025-07-27,Tegalsari,3351,1222,282
2025-07-27,Sawahan,5603,1771,225
2025-07-27,Kenjeran,8000,1527,242
2025-07-28,Gubeng,3959,1080,309
2025-07-28,Sukolilo,5918,1320,243
2025-07-28,Tambaksari,8000,1535,241
2025-07-28,Wonokromo,5325,1517,233
2025-07-28,Rungkut,8000,1639,246
2025-07-28,Mulyorejo,3117,1454,284
2025-07-28,Genteng,4442,1238,235
2025-07-28,Tegalsari,3359,1227,280
2025-07-28,Sawahan,5646,1775,229
2025-07-28,Kenjeran,8000,1531,245
2025-07-29,Gubeng,3982,1084,308
2025-07-29,Sukolilo,5963,1322,244
2025-07-29,Tambaksari,8000,1535,239
2025-07-29,Wonokromo,5358,1517,231
2025-07-29,Rungkut,8000,1640,245
2025-07-29,Mulyorejo,3146,1455,282
2025-07-29,Genteng,4468,1238,233
2025-07-29,Tegalsari,3380,1233,281
2025-07-29,Sawahan,5689,1779,231
2025-07-29,Kenjeran,8000,1533,243
2025-07-30,Gubeng,3999,1088,311
2025-07-30,Sukolilo,5970,1323,247
2025-07-30,Tambaksari,8000,1541,237
2025-07-30,Wonokromo,5388,1522,229
2025-07-30,Rungkut,8000,1645,246
2025-07-30,Mulyorejo,3173,1461,285
2025-07-30,Genteng,4471,1242,233
2025-07-30,Tegalsari,3399,1238,279
2025-07-30,Sawahan,5744,1779,230
2025-07-30,Kenjeran,8000,1533,241
2025-07-31,Gubeng,4034,1092,312
2025-07-31,Sukolilo,5985,1327,250
2025-07-31,Tambaksari,8000,1546,236
2025-07-31,Wonokromo,5424,1526,230
2025-07-31,Rungkut,8000,1651,249
2025-07-31,Mulyorejo,3191,1466,286
2025-07-31,Genteng,4508,1245,231
2025-07-31,Tegalsari,3404,1239,281
2025-07-31,Sawahan,5770,1781,233
2025-07-31,Kenjeran,8000,1537,242
2025-08-01,Gubeng,4079,1094,314
2025-08-01,Sukolilo,6058,1329,254
2025-08-01,Tambaksari,8000,1552,239
2025-08-01,Wonokromo,5452,1531,230
2025-08-01,Rungkut,8000,1655,251
2025-08-01,Mulyorejo,3196,1472,288
2025-08-01,Genteng,4558,1247,231
2025-08-01,Tegalsari,3441,1242,282
2025-08-01,Sawahan,5769,1781,233
2025-08-01,Kenjeran,8000,1541,241
2025-08-02,Gubeng,4128,1096,312
2025-08-02,Sukolilo,6082,1330,253
2025-08-02,Tambaksari,8000,1552,243
2025-08-02,Wonokromo,5505,1536,234
2025-08-02,Rungkut,8000,1659,253
2025-08-02,Mulyorejo,3214,1476,287
2025-08-02,Genteng,4563,1250,231
2025-08-02,Tegalsari,3445,1244,282
2025-08-02,Sawahan,5829,1782,232
2025-08-02,Kenjeran,8000,1543,239
2025-08-03,Gubeng,4156,1100,311
2025-08-03,Sukolilo,6137,1335,253
2025-08-03,Tambaksari,8000,1553,244
2025-08-03,Wonokromo,5559,1541,237
2025-08-03,Rungkut,8000,1659,255
2025-08-03,Mulyorejo,3235,1476,290
2025-08-03,Genteng,4607,1253,229
2025-08-03,Tegalsari,3475,1250,282
2025-08-03,Sawahan,5852,1788,233
2025-08-03,Kenjeran,8000,1549,237
2025-08-04,Gubeng,4199,1101,314
2025-08-04,Sukolilo,6187,1339,251
2025-08-04,Tambaksari,8000,1558,245
2025-08-04,Wonokromo,5562,1545,235
2025-08-04,Rungkut,8000,1663,254
2025-08-04,Mulyorejo,3244,1481,289
2025-08-04,Genteng,4615,1258,232
2025-08-04,Tegalsari,3515,1253,286
2025-08-04,Sawahan,5892,1792,231
2025-08-04,Kenjeran,8000,1551,241
2025-08-05,Gubeng,4219,1102,314
2025-08-05,Sukolilo,6195,1343,254
2025-08-05,Tambaksari,8000,1561,245
2025-08-05,Wonokromo,5567,1549,236
2025-08-05,Rungkut,8000,1664,258
2025-08-05,Mulyorejo,3246,1485,288
2025-08-05,Genteng,4642,1263,234
2025-08-05,Tegalsari,3521,1257,289
2025-08-05,Sawahan,5928,1793,229
2025-08-05,Kenjeran,8000,1554,241
2025-08-06,Gubeng,4254,1106,312
2025-08-06,Sukolilo,6205,1346,255
2025-08-06,Tambaksari,8000,1562,245
2025-08-06,Wonokromo,5590,1554,234
2025-08-06,Rungkut,8000,1665,258
2025-08-06,Mulyorejo,3266,1491,289
2025-08-06,Genteng,4677,1266,232
2025-08-06,Tegalsari,3558,1258,288
2025-08-06,Sawahan,5975,1794,233
2025-08-06,Kenjeran,8000,1554,239
2025-08-07,Gubeng,4292,1107,314
2025-08-07,Sukolilo,6276,1352,259
2025-08-07,Tambaksari,8000,1562,245
2025-08-07,Wonokromo,5636,1554,234
2025-08-07,Rungkut,8000,1665,258
2025-08-07,Mulyorejo,3270,1495,288
2025-08-07,Genteng,4688,1270,236
2025-08-07,Tegalsari,3567,1261,290
2025-08-07,Sawahan,6026,1795,236
2025-08-07,Kenjeran,8000,1554,240
2025-08-08,Gubeng,4322,1112,316
2025-08-08,Sukolilo,6281,1353,257
2025-08-08,Tambaksari,8000,1568,248
2025-08-08,Wonokromo,5677,1554,235
2025-08-08,Rungkut,8000,1665,256
2025-08-08,Mulyorejo,3282,1497,291
2025-08-08,Genteng,4736,1275,236
2025-08-08,Tegalsari,3602,1261,290
2025-08-08,Sawahan,6088,1800,237
2025-08-08,Kenjeran,8000,1557,242
2025-08-09,Gubeng,4373,1112,316
2025-08-09,Sukolilo,6319,1357,259
2025-08-09,Tambaksari,8000,1569,250
2025-08-09,Wonokromo,5743,1558,238
2025-08-09,Rungkut,8000,1666,258
2025-08-09,Mulyorejo,3290,1500,292
2025-08-09,Genteng,4778,1275,236
2025-08-09,Tegalsari,3630,1263,293
2025-08-09,Sawahan,6109,1804,237
2025-08-09,Kenjeran,8000,1562,242
2025-08-10,Gubeng,4419,1118,314
2025-08-10,Sukolilo,6393,1359,258
2025-08-10,Tambaksari,8000,1572,253
2025-08-10,Wonokromo,5752,1563,239
2025-08-10,Rungkut,8000,1671,260
2025-08-10,Mulyorejo,3321,1505,291
2025-08-10,Genteng,4802,1279,235
2025-08-10,Tegalsari,3647,1265,295
2025-08-10,Sawahan,6132,1808,236
2025-08-10,Kenjeran,8000,1563,244
2025-08-11,Gubeng,4448,1124,313
2025-08-11,Sukolilo,6461,1361,261
2025-08-11,Tambaksari,8000,1576,252
2025-08-11,Wonokromo,5782,1569,238
2025-08-11,Rungkut,8000,1675,259
2025-08-11,Mulyorejo,3330,1509,293
2025-08-11,Genteng,4857,1279,234
2025-08-11,Tegalsari,3659,1266,298
2025-08-11,Sawahan,6133,1810,237
2025-08-11,Kenjeran,8000,1565,245
2025-08-12,Gubeng,4488,1130,316
2025-08-12,Sukolilo,6536,1363,260
2025-08-12,Tambaksari,8000,1576,251
2025-08-12,Wonokromo,5795,1575,240
2025-08-12,Rungkut,8000,1679,261
2025-08-12,Mulyorejo,3351,1513,292
2025-08-12,Genteng,4871,1279,234
2025-08-12,Tegalsari,3661,1272,299
2025-08-12,Sawahan,6142,1816,239
2025-08-12,Kenjeran,8000,1570,245
2025-08-13,Gubeng,4498,1133,317
2025-08-13,Sukolilo,6575,1364,259
2025-08-13,Tambaksari,8000,1579,255
2025-08-13,Wonokromo,5862,1577,241
2025-08-13,Rungkut,8000,1684,260
2025-08-13,Mulyorejo,3378,1513,291
2025-08-13,Genteng,4925,1282,238
2025-08-13,Tegalsari,3686,1277,299
2025-08-13,Sawahan,6205,1817,240
2025-08-13,Kenjeran,8000,1570,247
2025-08-14,Gubeng,4538,1136,320
2025-08-14,Sukolilo,6602,1368,262
2025-08-14,Tambaksari,8000,1583,257
2025-08-14,Wonokromo,5907,1582,245
2025-08-14,Rungkut,8000,1684,261
2025-08-14,Mulyorejo,3393,1513,290
2025-08-14,Genteng,4956,1285,241
2025-08-14,Tegalsari,3686,1280,301
2025-08-14,Sawahan,6261,1817,239
2025-08-14,Kenjeran,8000,1573,247
2025-08-15,Gubeng,4581,1138,321
2025-08-15,Sukolilo,6618,1370,264
2025-08-15,Tambaksari,8000,1588,259
2025-08-15,Wonokromo,5971,1585,249
2025-08-15,Rungkut,8000,1684,264
2025-08-15,Mulyorejo,3410,1514,294
2025-08-15,Genteng,4991,1290,243
2025-08-15,Tegalsari,3690,1283,301
2025-08-15,Sawahan,6294,1818,240
2025-08-15,Kenjeran,8000,1578,246
2025-08-16,Gubeng,4630,1138,321
2025-08-16,Sukolilo,6646,1375,267
2025-08-16,Tambaksari,8000,1593,262
2025-08-16,Wonokromo,5980,1585,252
2025-08-16,Rungkut,8000,1686,262
2025-08-16,Mulyorejo,3428,1517,297
2025-08-16,Genteng,5039,1294,245
2025-08-16,Tegalsari,3730,1286,303
2025-08-16,Sawahan,6322,1824,239
2025-08-16,Kenjeran,8000,1582,250
2025-08-17,Gubeng,4667,1139,320
2025-08-17,Sukolilo,6718,1376,271
2025-08-17,Tambaksari,8000,1596,262
2025-08-17,Wonokromo,6002,1591,253
2025-08-17,Rungkut,8000,1687,260
2025-08-17,Mulyorejo,3461,1518,295
2025-08-17,Genteng,5077,1296,243
2025-08-17,Tegalsari,3749,1292,304
2025-08-17,Sawahan,6362,1824,241
2025-08-17,Kenjeran,8000,1583,249
2025-08-18,Gubeng,4701,1142,321
2025-08-18,Sukolilo,6754,1376,273
2025-08-18,Tambaksari,8000,1597,264
2025-08-18,Wonokromo,6022,1596,255
2025-08-18,Rungkut,8000,1688,258
2025-08-18,Mulyorejo,3465,1518,298
2025-08-18,Genteng,5099,1297,247
2025-08-18,Tegalsari,3749,1296,308
2025-08-18,Sawahan,6407,1826,239
2025-08-18,Kenjeran,8000,1586,248
2025-08-19,Gubeng,4711,1144,323
2025-08-19,Sukolilo,6810,1381,275
2025-08-19,Tambaksari,8000,1601,263
2025-08-19,Wonokromo,6092,1601,257
2025-08-19,Rungkut,8000,1688,256
2025-08-19,Mulyorejo,3493,1520,298
2025-08-19,Genteng,5154,1303,245
2025-08-19,Tegalsari,3781,1302,310
2025-08-19,Sawahan,6411,1829,238
2025-08-19,Kenjeran,8000,1592,248
2025-08-20,Gubeng,4730,1147,325
2025-08-20,Sukolilo,6830,1382,277
2025-08-20,Tambaksari,8000,1605,266
2025-08-20,Wonokromo,6164,1605,255
2025-08-20,Rungkut,8000,1693,258
2025-08-20,Mulyorejo,3529,1525,298
2025-08-20,Genteng,5181,1309,245
2025-08-20,Tegalsari,3791,1306,312
2025-08-20,Sawahan,6438,1830,240
2025-08-20,Kenjeran,8000,1596,251
2025-08-21,Gubeng,4767,1150,329
2025-08-21,Sukolilo,6847,1386,276
2025-08-21,Tambaksari,8000,1606,264
2025-08-21,Wonokromo,6173,1608,258
2025-08-21,Rungkut,8000,1698,262
2025-08-21,Mulyorejo,3534,1529,299
2025-08-21,Genteng,5207,1311,245
2025-08-21,Tegalsari,3815,1311,311
2025-08-21,Sawahan,6438,1831,243
2025-08-21,Kenjeran,8000,1602,249
2025-08-22,Gubeng,4785,1154,331
2025-08-22,Sukolilo,6876,1386,274
2025-08-22,Tambaksari,8000,1608,265
2025-08-22,Wonokromo,6227,1612,256
2025-08-22,Rungkut,8000,1699,262
2025-08-22,Mulyorejo,3566,1534,300
2025-08-22,Genteng,5265,1317,243
2025-08-22,Tegalsari,3843,1314,310
2025-08-22,Sawahan,6486,1837,245
2025-08-22,Kenjeran,8000,1605,253
2025-08-23,Gubeng,4832,1159,329
2025-08-23,Sukolilo,6948,1388,276
2025-08-23,Tambaksari,8000,1610,267
2025-08-23,Wonokromo,6267,1613,258
2025-08-23,Rungkut,8000,1705,266
2025-08-23,Mulyorejo,3578,1535,300
2025-08-23,Genteng,5319,1319,244
2025-08-23,Tegalsari,3870,1320,309
2025-08-23,Sawahan,6530,1840,244
2025-08-23,Kenjeran,8000,1611,257
2025-08-24,Gubeng,4876,1164,333
2025-08-24,Sukolilo,6977,1388,276
2025-08-24,Tambaksari,8000,1613,266
2025-08-24,Wonokromo,6295,1619,258
2025-08-24,Rungkut,8000,1707,265
2025-08-24,Mulyorejo,3579,1541,298
2025-08-24,Genteng,5369,1319,245
2025-08-24,Tegalsari,3892,1326,310
2025-08-24,Sawahan,6600,1841,243
2025-08-24,Kenjeran,8000,1614,260
2025-08-25,Gubeng,4928,1166,337
2025-08-25,Sukolilo,7007,1394,280
2025-08-25,Tambaksari,8000,1617,269
2025-08-25,Wonokromo,6370,1620,261
2025-08-25,Rungkut,8000,1710,268
2025-08-25,Mulyorejo,3613,1541,296
2025-08-25,Genteng,5390,1319,248
2025-08-25,Tegalsari,3930,1332,308
2025-08-25,Sawahan,6626,1841,241
2025-08-25,Kenjeran,8000,1619,263
2025-08-26,Gubeng,4947,1170,341
2025-08-26,Sukolilo,7036,1395,280
2025-08-26,Tambaksari,8000,1619,269
2025-08-26,Wonokromo,6411,1626,262
2025-08-26,Rungkut,8000,1712,267
2025-08-26,Mulyorejo,3616,1541,294
2025-08-26,Genteng,5453,1323,250
2025-08-26,Tegalsari,3933,1336,308
2025-08-26,Sawahan,6669,1843,240
2025-08-26,Kenjeran,8000,1625,263
2025-08-27,Gubeng,4982,1171,339
2025-08-27,Sukolilo,7065,1397,282
2025-08-27,Tambaksari,8000,1620,267
2025-08-27,Wonokromo,6448,1631,260
2025-08-27,Rungkut,8000,1712,265
2025-08-27,Mulyorejo,3631,1542,297
2025-08-27,Genteng,5493,1327,253
2025-08-27,Tegalsari,3971,1341,309
2025-08-27,Sawahan,6718,1845,240
2025-08-27,Kenjeran,8000,1630,267
2025-08-28,Gubeng,5023,1175,337
2025-08-28,Sukolilo,7150,1403,286
2025-08-28,Tambaksari,8000,1621,265
2025-08-28,Wonokromo,6511,1636,261
2025-08-28,Rungkut,8000,1714,268
2025-08-28,Mulyorejo,3656,1548,298
2025-08-28,Genteng,5525,1328,252
2025-08-28,Tegalsari,4010,1345,309
2025-08-28,Sawahan,6791,1848,239
2025-08-28,Kenjeran,8000,1635,267
2025-08-29,Gubeng,5072,1177,338
2025-08-29,Sukolilo,7195,1403,287
2025-08-29,Tambaksari,8000,1624,266
2025-08-29,Wonokromo,6578,1638,265
2025-08-29,Rungkut,8000,1718,267
2025-08-29,Mulyorejo,3675,1551,302
2025-08-29,Genteng,5573,1328,252
2025-08-29,Tegalsari,4035,1345,313
2025-08-29,Sawahan,6815,1851,240
2025-08-29,Kenjeran,8000,1636,269
2025-08-30,Gubeng,5088,1178,339
2025-08-30,Sukolilo,7231,1405,286
2025-08-30,Tambaksari,8000,1628,267
2025-08-30,Wonokromo,6641,1641,267
2025-08-30,Rungkut,8000,1722,270
2025-08-30,Mulyorejo,3682,1556,305
2025-08-30,Genteng,5579,1333,254
2025-08-30,Tegalsari,4074,1345,315
2025-08-30,Sawahan,6864,1853,242
2025-08-30,Kenjeran,8000,1639,268
2025-08-31,Gubeng,5108,1181,337
2025-08-31,Sukolilo,7286,1410,290
2025-08-31,Tambaksari,8000,1634,268
2025-08-31,Wonokromo,6668,1646,270
2025-08-31,Rungkut,8000,1723,274
2025-08-31,Mulyorejo,3685,1560,309
2025-08-31,Genteng,5623,1333,258
2025-08-31,Tegalsari,4080,1346,316
2025-08-31,Sawahan,6908,1856,244
2025-08-31,Kenjeran,8000,1640,267
2025-09-01,Gubeng,5151,1183,337
2025-09-01,Sukolilo,7339,1415,290
2025-09-01,Tambaksari,8000,1637,271
2025-09-01,Wonokromo,6747,1648,268
2025-09-01,Rungkut,8000,1727,276
2025-09-01,Mulyorejo,3699,1561,313
2025-09-01,Genteng,5644,1335,260
2025-09-01,Tegalsari,4126,1346,319
2025-09-01,Sawahan,6954,1858,242
2025-09-01,Kenjeran,8000,1646,265
2025-09-02,Gubeng,5167,1188,339
2025-09-02,Sukolilo,7377,1417,293
2025-09-02,Tambaksari,8000,1640,272
2025-09-02,Wonokromo,6792,1653,267
2025-09-02,Rungkut,8000,1728,278
2025-09-02,Mulyorejo,3713,1563,317
2025-09-02,Genteng,5673,1337,264
2025-09-02,Tegalsari,4158,1347,317
2025-09-02,Sawahan,6960,1858,241
2025-09-02,Kenjeran,8000,1649,268
2025-09-03,Gubeng,5195,1189,337
2025-09-03,Sukolilo,7392,1423,294
2025-09-03,Tambaksari,8000,1646,275
2025-09-03,Wonokromo,6842,1656,269
2025-09-03,Rungkut,8000,1732,279
2025-09-03,Mulyorejo,3734,1566,318
2025-09-03,Genteng,5698,1338,265
2025-09-03,Tegalsari,4187,1351,318
2025-09-03,Sawahan,7031,1859,244
2025-09-03,Kenjeran,8000,1652,270
2025-09-04,Gubeng,5232,1189,335
2025-09-04,Sukolilo,7446,1428,294
2025-09-04,Tambaksari,8000,1649,278
2025-09-04,Wonokromo,6850,1661,272
2025-09-04,Rungkut,8000,1738,283
2025-09-04,Mulyorejo,3765,1569,320
2025-09-04,Genteng,5704,1342,263
2025-09-04,Tegalsari,4198,1356,321
2025-09-04,Sawahan,7087,1864,242
2025-09-04,Kenjeran,8000,1656,274
2025-09-05,Gubeng,5270,1193,333
2025-09-05,Sukolilo,7530,1432,298
2025-09-05,Tambaksari,8000,1652,280
2025-09-05,Wonokromo,6925,1665,275
2025-09-05,Rungkut,8000,1740,287
2025-09-05,Mulyorejo,3775,1570,318
2025-09-05,Genteng,5753,1346,266
2025-09-05,Tegalsari,4212,1362,323
2025-09-05,Sawahan,7109,1869,243
2025-09-05,Kenjeran,8000,1660,272
2025-09-06,Gubeng,5313,1195,337
2025-09-06,Sukolilo,7600,1432,298
2025-09-06,Tambaksari,8000,1653,282
2025-09-06,Wonokromo,6932,1671,275
2025-09-06,Rungkut,8000,1744,287
2025-09-06,Mulyorejo,3784,1572,316
2025-09-06,Genteng,5805,1350,265
2025-09-06,Tegalsari,4257,1367,322
2025-09-06,Sawahan,7165,1871,247
2025-09-06,Kenjeran,8000,1666,275
2025-09-07,Gubeng,5329,1196,341
2025-09-07,Sukolilo,7652,1432,298
2025-09-07,Tambaksari,8000,1654,284
2025-09-07,Wonokromo,7011,1672,279
2025-09-07,Rungkut,8000,1747,291
2025-09-07,Mulyorejo,3798,1577,317
2025-09-07,Genteng,5857,1351,264
2025-09-07,Tegalsari,4285,1373,322
2025-09-07,Sawahan,7170,1873,251
2025-09-07,Kenjeran,8000,1666,274
2025-09-08,Gubeng,5360,1199,341
2025-09-08,Sukolilo,7699,1438,300
2025-09-08,Tambaksari,8000,1659,287
2025-09-08,Wonokromo,7045,1674,278
2025-09-08,Rungkut,8000,1750,289
2025-09-08,Mulyorejo,3808,1583,318
2025-09-08,Genteng,5885,1353,266
2025-09-08,Tegalsari,4319,1373,320
2025-09-08,Sawahan,7249,1878,251
2025-09-08,Kenjeran,8000,1669,276
2025-09-09,Gubeng,5420,1205,341
2025-09-09,Sukolilo,7734,1440,304
2025-09-09,Tambaksari,8000,1664,289
2025-09-09,Wonokromo,7079,1680,281
2025-09-09,Rungkut,8000,1755,292
2025-09-09,Mulyorejo,3831,1584,320
2025-09-09,Genteng,5910,1358,265
2025-09-09,Tegalsari,4334,1373,323
2025-09-09,Sawahan,7250,1878,249
2025-09-09,Kenjeran,8000,1673,274
2025-09-10,Gubeng,5466,1207,340
2025-09-10,Sukolilo,7805,1442,303
2025-09-10,Tambaksari,8000,1668,287
2025-09-10,Wonokromo,7085,1684,284
2025-09-10,Rungkut,8000,1756,294
2025-09-10,Mulyorejo,3857,1589,318
2025-09-10,Genteng,5917,1362,264
2025-09-10,Tegalsari,4352,1379,326
2025-09-10,Sawahan,7300,1879,247
2025-09-10,Kenjeran,8000,1675,274
2025-09-11,Gubeng,5498,1207,343
2025-09-11,Sukolilo,7851,1444,307
2025-09-11,Tambaksari,8000,1673,291
2025-09-11,Wonokromo,7152,1686,283
2025-09-11,Rungkut,8000,1758,298
2025-09-11,Mulyorejo,3857,1592,318
2025-09-11,Genteng,5989,1364,268
2025-09-11,Tegalsari,4365,1382,324
2025-09-11,Sawahan,7343,1880,249
2025-09-11,Kenjeran,8000,1680,275
2025-09-12,Gubeng,5507,1211,347
2025-09-12,Sukolilo,7896,1448,310
2025-09-12,Tambaksari,8000,1676,294
2025-09-12,Wonokromo,7176,1686,281
2025-09-12,Rungkut,8000,1763,298
2025-09-12,Mulyorejo,3890,1592,319
2025-09-12,Genteng,6001,1369,266
2025-09-12,Tegalsari,4413,1387,325
2025-09-12,Sawahan,7367,1885,249
2025-09-12,Kenjeran,8000,1684,273
2025-09-13,Gubeng,5543,1217,348
2025-09-13,Sukolilo,7945,1451,314
2025-09-13,Tambaksari,8000,1682,298
2025-09-13,Wonokromo,7183,1687,279
2025-09-13,Rungkut,8000,1768,302
2025-09-13,Mulyorejo,3923,1592,321
2025-09-13,Genteng,6041,1371,266
2025-09-13,Tegalsari,4448,1390,323
2025-09-13,Sawahan,7423,1890,247
2025-09-13,Kenjeran,8000,1690,273
2025-09-14,Gubeng,5550,1220,352
2025-09-14,Sukolilo,8000,1456,313
2025-09-14,Tambaksari,8000,1682,299
2025-09-14,Wonokromo,7241,1689,282
2025-09-14,Rungkut,8000,1768,305
2025-09-14,Mulyorejo,3952,1595,319
2025-09-14,Genteng,6107,1374,269
2025-09-14,Tegalsari,4457,1390,322
2025-09-14,Sawahan,7426,1894,246
2025-09-14,Kenjeran,8000,1690,277
2025-09-15,Gubeng,5588,1222,353
2025-09-15,Sukolilo,8000,1462,317
2025-09-15,Tambaksari,8000,1682,297
2025-09-15,Wonokromo,7272,1691,286
2025-09-15,Rungkut,8000,1771,303
2025-09-15,Mulyorejo,3959,1600,322
2025-09-15,Genteng,6147,1379,273
2025-09-15,Tegalsari,4503,1391,325
2025-09-15,Sawahan,7478,1894,244
2025-09-15,Kenjeran,8000,1693,280
2025-09-16,Gubeng,5591,1226,351
2025-09-16,Sukolilo,8000,1467,316
2025-09-16,Tambaksari,8000,1687,295
2025-09-16,Wonokromo,7352,1697,290
2025-09-16,Rungkut,8000,1775,302
2025-09-16,Mulyorejo,3995,1600,326
2025-09-16,Genteng,6209,1379,274
2025-09-16,Tegalsari,4534,1395,324
2025-09-16,Sawahan,7484,1895,245
2025-09-16,Kenjeran,8000,1699,283
2025-09-17,Gubeng,5638,1228,349
2025-09-17,Sukolilo,8000,1471,318
2025-09-17,Tambaksari,8000,1693,299
2025-09-17,Wonokromo,7372,1697,292
2025-09-17,Rungkut,8000,1775,300
2025-09-17,Mulyorejo,4005,1606,327
2025-09-17,Genteng,6223,1381,276
2025-09-17,Tegalsari,4542,1396,326
2025-09-17,Sawahan,7488,1895,249
2025-09-17,Kenjeran,8000,1703,284
2025-09-18,Gubeng,5692,1228,350
2025-09-18,Sukolilo,8000,1471,317
2025-09-18,Tambaksari,8000,1698,302
2025-09-18,Wonokromo,7426,1699,293
2025-09-18,Rungkut,8000,1781,304
2025-09-18,Mulyorejo,4025,1607,326
2025-09-18,Genteng,6235,1383,278
2025-09-18,Tegalsari,4565,1397,325
2025-09-18,Sawahan,7543,1895,251
2025-09-18,Kenjeran,8000,1706,286
2025-09-19,Gubeng,5759,1233,354
2025-09-19,Sukolilo,8000,1473,318
2025-09-19,Tambaksari,8000,1699,301
2025-09-19,Wonokromo,7438,1703,291
2025-09-19,Rungkut,8000,1787,308
2025-09-19,Mulyorejo,4069,1611,325
2025-09-19,Genteng,6271,1388,281
2025-09-19,Tegalsari,4575,1397,324
2025-09-19,Sawahan,7554,1896,254
2025-09-19,Kenjeran,8000,1709,287
2025-09-20,Gubeng,5773,1238,352
2025-09-20,Sukolilo,8000,1475,318
2025-09-20,Tambaksari,8000,1701,301
2025-09-20,Wonokromo,7495,1709,292
2025-09-20,Rungkut,8000,1792,306
2025-09-20,Mulyorejo,4111,1612,324
2025-09-20,Genteng,6332,1391,283
2025-09-20,Tegalsari,4580,1398,327
2025-09-20,Sawahan,7595,1900,254
2025-09-20,Kenjeran,8000,1714,290
2025-09-21,Gubeng,5837,1239,356
2025-09-21,Sukolilo,8000,1476,316
2025-09-21,Tambaksari,8000,1704,305
2025-09-21,Wonokromo,7515,1710,290
2025-09-21,Rungkut,8000,1795,304
2025-09-21,Mulyorejo,4152,1613,323
2025-09-21,Genteng,6404,1394,282
2025-09-21,Tegalsari,4600,1399,328
2025-09-21,Sawahan,7661,1905,254
2025-09-21,Kenjeran,8000,1715,290
2025-09-22,Gubeng,5848,1244,358
2025-09-22,Sukolilo,8000,1477,314
2025-09-22,Tambaksari,8000,1707,306
2025-09-22,Wonokromo,7532,1712,289
2025-09-22,Rungkut,8000,1799,303
2025-09-22,Mulyorejo,4188,1618,325
2025-09-22,Genteng,6475,1398,284
2025-09-22,Tegalsari,4646,1399,329
2025-09-22,Sawahan,7741,1908,258
2025-09-22,Kenjeran,8000,1719,291
2025-09-23,Gubeng,5909,1246,356
2025-09-23,Sukolilo,8000,1482,318
2025-09-23,Tambaksari,8000,1709,307
2025-09-23,Wonokromo,7586,1716,288
2025-09-23,Rungkut,8000,1799,304
2025-09-23,Mulyorejo,4234,1618,326
2025-09-23,Genteng,6534,1402,282
2025-09-23,Tegalsari,4669,1402,330
2025-09-23,Sawahan,7817,1913,262
2025-09-23,Kenjeran,8000,1722,290
2025-09-24,Gubeng,5917,1252,354
2025-09-24,Sukolilo,8000,1485,317
2025-09-24,Tambaksari,8000,1711,306
2025-09-24,Wonokromo,7647,1716,286
2025-09-24,Rungkut,8000,1801,303
2025-09-24,Mulyorejo,4267,1624,328
2025-09-24,Genteng,6595,1402,283
2025-09-24,Tegalsari,4694,1403,334
2025-09-24,Sawahan,7884,1914,266
2025-09-24,Kenjeran,8000,1727,291
2025-09-25,Gubeng,5969,1252,358
2025-09-25,Sukolilo,8000,1488,320
2025-09-25,Tambaksari,8000,1711,306
2025-09-25,Wonokromo,7688,1718,289
2025-09-25,Rungkut,8000,1805,305
2025-09-25,Mulyorejo,4305,1630,331
2025-09-25,Genteng,6604,1404,286
2025-09-25,Tegalsari,4746,1407,337
2025-09-25,Sawahan,7920,1914,264
2025-09-25,Kenjeran,8000,1730,293
2025-09-26,Gubeng,5974,1254,357
2025-09-26,Sukolilo,8000,1493,318
2025-09-26,Tambaksari,8000,1717,305
2025-09-26,Wonokromo,7703,1720,288
2025-09-26,Rungkut,8000,1810,306
2025-09-26,Mulyorejo,4340,1636,333
2025-09-26,Genteng,6675,1409,285
2025-09-26,Tegalsari,4788,1413,336
2025-09-26,Sawahan,7952,1916,266
2025-09-26,Kenjeran,8000,1732,291
2025-09-27,Gubeng,5981,1256,358
2025-09-27,Sukolilo,8000,1497,322
2025-09-27,Tambaksari,8000,1722,307
2025-09-27,Wonokromo,7768,1724,288
2025-09-27,Rungkut,8000,1812,310
2025-09-27,Mulyorejo,4372,1641,337
2025-09-27,Genteng,6756,1409,284
2025-09-27,Tegalsari,4838,1416,334
2025-09-27,Sawahan,7961,1917,266
2025-09-27,Kenjeran,8000,1732,289
2025-09-28,Gubeng,5995,1256,361
2025-09-28,Sukolilo,8000,1498,326
2025-09-28,Tambaksari,8000,1727,305
2025-09-28,Wonokromo,7797,1729,290
2025-09-28,Rungkut,8000,1815,310
2025-09-28,Mulyorejo,4391,1646,340
2025-09-28,Genteng,6760,1410,282
2025-09-28,Tegalsari,4839,1422,333
2025-09-28,Sawahan,8000,1921,269
2025-09-28,Kenjeran,8000,1736,289
2025-09-29,Gubeng,6044,1262,361
2025-09-29,Sukolilo,8000,1503,329
2025-09-29,Tambaksari,8000,1731,306
2025-09-29,Wonokromo,7842,1733,289
2025-09-29,Rungkut,8000,1817,309
2025-09-29,Mulyorejo,4430,1647,341
2025-09-29,Genteng,6793,1412,286
2025-09-29,Tegalsari,4887,1423,333
2025-09-29,Sawahan,8000,1922,271
2025-09-29,Kenjeran,8000,1741,291
2025-09-30,Gubeng,6067,1263,365
2025-09-30,Sukolilo,8000,1508,333
2025-09-30,Tambaksari,8000,1732,304
2025-09-30,Wonokromo,7848,1735,291
2025-09-30,Rungkut,8000,1819,309
2025-09-30,Mulyorejo,4437,1651,344
2025-09-30,Genteng,6798,1414,286
2025-09-30,Tegalsari,4895,1426,335
2025-09-30,Sawahan,8000,1926,271
2025-09-30,Kenjeran,8000,1741,292
2025-10-01,Gubeng,6137,1269,364
2025-10-01,Sukolilo,8000,1510,332
2025-10-01,Tambaksari,8000,1737,306
2025-10-01,Wonokromo,7942,1737,294
2025-10-01,Rungkut,8000,1822,309
2025-10-01,Mulyorejo,4486,1657,346
2025-10-01,Genteng,6855,1420,288
2025-10-01,Tegalsari,4937,1429,335
2025-10-01,Sawahan,8000,1931,272
2025-10-01,Kenjeran,8000,1742,295
2025-10-02,Gubeng,6180,1271,362
2025-10-02,Sukolilo,8000,1516,331
2025-10-02,Tambaksari,8000,1737,306
2025-10-02,Wonokromo,7950,1742,293
2025-10-02,Rungkut,8000,1823,313
2025-10-02,Mulyorejo,4534,1659,345
2025-10-02,Genteng,6859,1424,292
2025-10-02,Tegalsari,4963,1434,333
2025-10-02,Sawahan,8000,1934,271
2025-10-02,Kenjeran,8000,1746,297
2025-10-03,Gubeng,6220,1271,365
2025-10-03,Sukolilo,8000,1517,334
2025-10-03,Tambaksari,8000,1739,307
2025-10-03,Wonokromo,7988,1744,293
2025-10-03,Rungkut,8000,1826,317
2025-10-03,Mulyorejo,4562,1660,348
2025-10-03,Genteng,6935,1429,293
2025-10-03,Tegalsari,5010,1436,332
2025-10-03,Sawahan,8000,1937,274
2025-10-03,Kenjeran,8000,1747,301
2025-10-04,Gubeng,6266,1271,364
2025-10-04,Sukolilo,8000,1520,338
2025-10-04,Tambaksari,8000,1741,305
2025-10-04,Wonokromo,8000,1748,297
2025-10-04,Rungkut,8000,1826,318
2025-10-04,Mulyorejo,4594,1662,349
2025-10-04,Genteng,6952,1432,296
2025-10-04,Tegalsari,5044,1437,331
2025-10-04,Sawahan,8000,1940,274
2025-10-04,Kenjeran,8000,1747,305
2025-10-05,Gubeng,6331,1277,366
2025-10-05,Sukolilo,8000,1524,341
2025-10-05,Tambaksari,8000,1741,309
2025-10-05,Wonokromo,8000,1750,297
2025-10-05,Rungkut,8000,1832,321
2025-10-05,Mulyorejo,4617,1667,352
2025-10-05,Genteng,7029,1435,295
2025-10-05,Tegalsari,5073,1442,334
2025-10-05,Sawahan,8000,1940,278
2025-10-05,Kenjeran,8000,1747,307
2025-10-06,Gubeng,6390,1281,367
2025-10-06,Sukolilo,8000,1530,341
2025-10-06,Tambaksari,8000,1744,312
2025-10-06,Wonokromo,8000,1752,299
2025-10-06,Rungkut,8000,1832,325
2025-10-06,Mulyorejo,4629,1671,350
2025-10-06,Genteng,7044,1438,298
2025-10-06,Tegalsari,5081,1443,332
2025-10-06,Sawahan,8000,1943,281
2025-10-06,Kenjeran,8000,1749,305
2025-10-07,Gubeng,6415,1285,370
2025-10-07,Sukolilo,8000,1534,340
2025-10-07,Tambaksari,8000,1745,316
2025-10-07,Wonokromo,8000,1758,298
2025-10-07,Rungkut,8000,1838,325
2025-10-07,Mulyorejo,4672,1676,354
2025-10-07,Genteng,7072,1443,301
2025-10-07,Tegalsari,5122,1443,334
2025-10-07,Sawahan,8000,1949,280
2025-10-07,Kenjeran,8000,1753,305
2025-10-08,Gubeng,6446,1288,371
2025-10-08,Sukolilo,8000,1535,338
2025-10-08,Tambaksari,8000,1749,315
2025-10-08,Wonokromo,8000,1764,300
2025-10-08,Rungkut,8000,1844,327
2025-10-08,Mulyorejo,4717,1681,356
2025-10-08,Genteng,7134,1449,299
2025-10-08,Tegalsari,5147,1443,332
2025-10-08,Sawahan,8000,1949,281
2025-10-08,Kenjeran,8000,1758,305
2025-10-09,Gubeng,6459,1291,373
2025-10-09,Sukolilo,8000,1537,337
2025-10-09,Tambaksari,8000,1749,318
2025-10-09,Wonokromo,8000,1765,299
2025-10-09,Rungkut,8000,1845,330
2025-10-09,Mulyorejo,4727,1682,355
2025-10-09,Genteng,7148,1449,300
2025-10-09,Tegalsari,5189,1449,330
2025-10-09,Sawahan,8000,1955,282
2025-10-09,Kenjeran,8000,1758,304
2025-10-10,Gubeng,6470,1297,376
2025-10-10,Sukolilo,8000,1537,338
2025-10-10,Tambaksari,8000,1751,316
2025-10-10,Wonokromo,8000,1770,297
2025-10-10,Rungkut,8000,1851,328
2025-10-10,Mulyorejo,4777,1683,357
2025-10-10,Genteng,7228,1450,303
2025-10-10,Tegalsari,5210,1449,329
2025-10-10,Sawahan,8000,1957,284
2025-10-10,Kenjeran,8000,1759,308
2025-10-11,Gubeng,6511,1302,378
2025-10-11,Sukolilo,8000,1541,336
2025-10-11,Tambaksari,8000,1755,320
2025-10-11,Wonokromo,8000,1771,300
2025-10-11,Rungkut,8000,1853,327
2025-10-11,Mulyorejo,4826,1687,355
2025-10-11,Genteng,7315,1450,302
2025-10-11,Tegalsari,5267,1455,332
2025-10-11,Sawahan,8000,1962,286
2025-10-11,Kenjeran,8000,1764,306
2025-10-12,Gubeng,6528,1304,379
2025-10-12,Sukolilo,8000,1545,335
2025-10-12,Tambaksari,8000,1761,320
2025-10-12,Wonokromo,8000,1771,302
2025-10-12,Rungkut,8000,1859,327
2025-10-12,Mulyorejo,4864,1691,358
2025-10-12,Genteng,7322,1452,303
2025-10-12,Tegalsari,5274,1457,333
2025-10-12,Sawahan,8000,1964,289
2025-10-12,Kenjeran,8000,1767,305
2025-10-13,Gubeng,6574,1306,383
2025-10-13,Sukolilo,8000,1551,333
2025-10-13,Tambaksari,8000,1767,321
2025-10-13,Wonokromo,8000,1773,301
2025-10-13,Rungkut,8000,1864,328
2025-10-13,Mulyorejo,4901,1694,359
2025-10-13,Genteng,7371,1457,301
2025-10-13,Tegalsari,5281,1460,334
2025-10-13,Sawahan,8000,1964,292
2025-10-13,Kenjeran,8000,1768,303
2025-10-14,Gubeng,6605,1307,383
2025-10-14,Sukolilo,8000,1557,334
2025-10-14,Tambaksari,8000,1773,322
2025-10-14,Wonokromo,8000,1775,305
2025-10-14,Rungkut,8000,1868,330
2025-10-14,Mulyorejo,4915,1700,363
2025-10-14,Genteng,7431,1460,301
2025-10-14,Tegalsari,5311,1464,335
2025-10-14,Sawahan,8000,1968,292
2025-10-14,Kenjeran,8000,1771,301
2025-10-15,Gubeng,6617,1310,384
2025-10-15,Sukolilo,8000,1558,332
2025-10-15,Tambaksari,8000,1773,326
2025-10-15,Wonokromo,8000,1780,303
2025-10-15,Rungkut,8000,1871,332
2025-10-15,Mulyorejo,4953,1701,363
2025-10-15,Genteng,7490,1460,305
2025-10-15,Tegalsari,5316,1470,337
2025-10-15,Sawahan,8000,1974,293
2025-10-15,Kenjeran,8000,1776,302
2025-10-16,Gubeng,6659,1312,386
2025-10-16,Sukolilo,8000,1564,334
2025-10-16,Tambaksari,8000,1779,324
2025-10-16,Wonokromo,8000,1780,304
2025-10-16,Rungkut,8000,1877,333
2025-10-16,Mulyorejo,4977,1701,361
2025-10-16,Genteng,7509,1465,309
2025-10-16,Tegalsari,5365,1475,336
2025-10-16,Sawahan,8000,1975,293
2025-10-16,Kenjeran,8000,1779,306
2025-10-17,Gubeng,6671,1317,387
2025-10-17,Sukolilo,8000,1569,336
2025-10-17,Tambaksari,8000,1782,326
2025-10-17,Wonokromo,8000,1784,302
2025-10-17,Rungkut,8000,1880,335
2025-10-17,Mulyorejo,5033,1705,364
2025-10-17,Genteng,7544,1467,309
2025-10-17,Tegalsari,5369,1479,334
2025-10-17,Sawahan,8000,1977,293
2025-10-17,Kenjeran,8000,1783,304
2025-10-18,Gubeng,6735,1322,387
2025-10-18,Sukolilo,8000,1572,336
2025-10-18,Tambaksari,8000,1785,326
2025-10-18,Wonokromo,8000,1785,301
2025-10-18,Rungkut,8000,1882,337
2025-10-18,Mulyorejo,5036,1710,362
2025-10-18,Genteng,7626,1467,309
2025-10-18,Tegalsari,5380,1483,334
2025-10-18,Sawahan,8000,1982,297
2025-10-18,Kenjeran,8000,1787,305
2025-10-19,Gubeng,6759,1327,388
2025-10-19,Sukolilo,8000,1574,337
2025-10-19,Tambaksari,8000,1787,328
2025-10-19,Wonokromo,8000,1788,299
2025-10-19,Rungkut,8000,1883,337
2025-10-19,Mulyorejo,5064,1716,366
2025-10-19,Genteng,7690,1468,311
2025-10-19,Tegalsari,5399,1486,333
2025-10-19,Sawahan,8000,1988,301
2025-10-19,Kenjeran,8000,1793,307
2025-10-20,Gubeng,6779,1329,386
2025-10-20,Sukolilo,8000,1578,338
2025-10-20,Tambaksari,8000,1791,331
2025-10-20,Wonokromo,8000,1793,303
2025-10-20,Rungkut,8000,1887,337
2025-10-20,Mulyorejo,5078,1720,370
2025-10-20,Genteng,7743,1471,310
2025-10-20,Tegalsari,5421,1486,336
2025-10-20,Sawahan,8000,1992,305
2025-10-20,Kenjeran,8000,1798,309
2025-10-21,Gubeng,6807,1332,387
2025-10-21,Sukolilo,8000,1582,339
2025-10-21,Tambaksari,8000,1795,330
2025-10-21,Wonokromo,8000,1798,306
2025-10-21,Rungkut,8000,1888,339
2025-10-21,Mulyorejo,5106,1725,374
2025-10-21,Genteng,7816,1474,310
2025-10-21,Tegalsari,5482,1490,340
2025-10-21,Sawahan,8000,1998,306
2025-10-21,Kenjeran,8000,1803,312
2025-10-22,Gubeng,6815,1333,387
2025-10-22,Sukolilo,8000,1583,338
2025-10-22,Tambaksari,8000,1801,330
2025-10-22,Wonokromo,8000,1801,306
2025-10-22,Rungkut,8000,1888,342
2025-10-22,Mulyorejo,5116,1728,374
2025-10-22,Genteng,7897,1479,309
2025-10-22,Tegalsari,5499,1494,339
2025-10-22,Sawahan,8000,1998,305
2025-10-22,Kenjeran,8000,1804,316
2025-10-23,Gubeng,6886,1336,388
2025-10-23,Sukolilo,8000,1586,339
2025-10-23,Tambaksari,8000,1801,329
2025-10-23,Wonokromo,8000,1802,304
2025-10-23,Rungkut,8000,1894,342
2025-10-23,Mulyorejo,5154,1729,377
2025-10-23,Genteng,7982,1484,310
2025-10-23,Tegalsari,5550,1494,343
2025-10-23,Sawahan,8000,2000,307
2025-10-23,Kenjeran,8000,1804,317
2025-10-24,Gubeng,6963,1341,391
2025-10-24,Sukolilo,8000,1589,343
2025-10-24,Tambaksari,8000,1802,328
2025-10-24,Wonokromo,8000,1807,306
2025-10-24,Rungkut,8000,1898,345
2025-10-24,Mulyorejo,5203,1735,379
2025-10-24,Genteng,8000,1484,309
2025-10-24,Tegalsari,5590,1500,347
2025-10-24,Sawahan,8000,2006,309
2025-10-24,Kenjeran,8000,1810,320
2025-10-25,Gubeng,7028,1344,390
2025-10-25,Sukolilo,8000,1590,342
2025-10-25,Tambaksari,8000,1805,329
2025-10-25,Wonokromo,8000,1811,304
2025-10-25,Rungkut,8000,1900,348
2025-10-25,Mulyorejo,5260,1737,381
2025-10-25,Genteng,8000,1489,308
2025-10-25,Tegalsari,5655,1506,346
2025-10-25,Sawahan,8000,2011,309
2025-10-25,Kenjeran,8000,1810,323
2025-10-26,Gubeng,7113,1348,388
2025-10-26,Sukolilo,8000,1595,346
2025-10-26,Tambaksari,8000,1810,333
2025-10-26,Wonokromo,8000,1813,306
2025-10-26,Rungkut,8000,1905,351
2025-10-26,Mulyorejo,5281,1743,384
2025-10-26,Genteng,8000,1495,307
2025-10-26,Tegalsari,5713,1509,344
2025-10-26,Sawahan,8000,2014,309
2025-10-26,Kenjeran,8000,1816,327
2025-10-27,Gubeng,7136,1349,392
2025-10-27,Sukolilo,8000,1598,349
2025-10-27,Tambaksari,8000,1816,337
2025-10-27,Wonokromo,8000,1819,304
2025-10-27,Rungkut,8000,1905,355
2025-10-27,Mulyorejo,5328,1746,385
2025-10-27,Genteng,8000,1501,307
2025-10-27,Tegalsari,5762,1515,342
2025-10-27,Sawahan,8000,2019,309
2025-10-27,Kenjeran,8000,1818,328
2025-10-28,Gubeng,7191,1355,394
2025-10-28,Sukolilo,8000,1601,352
2025-10-28,Tambaksari,8000,1816,340
2025-10-28,Wonokromo,8000,1824,305
2025-10-28,Rungkut,8000,1906,353
2025-10-28,Mulyorejo,5352,1751,385
2025-10-28,Genteng,8000,1501,305
2025-10-28,Tegalsari,5773,1519,345
2025-10-28,Sawahan,8000,2025,312
2025-10-28,Kenjeran,8000,1824,330
2025-10-29,Gubeng,7254,1361,394
2025-10-29,Sukolilo,8000,1607,355
2025-10-29,Tambaksari,8000,1817,343
2025-10-29,Wonokromo,8000,1826,309
2025-10-29,Rungkut,8000,1906,354
2025-10-29,Mulyorejo,5374,1754,386
2025-10-29,Genteng,8000,1505,304
2025-10-29,Tegalsari,5775,1519,347
2025-10-29,Sawahan,8000,2030,311
2025-10-29,Kenjeran,8000,1827,329
2025-10-30,Gubeng,7280,1367,393
2025-10-30,Sukolilo,8000,1611,356
2025-10-30,Tambaksari,8000,1818,341
2025-10-30,Wonokromo,8000,1827,311
2025-10-30,Rungkut,8000,1911,356
2025-10-30,Mulyorejo,5400,1757,390
2025-10-30,Genteng,8000,1505,303
2025-10-30,Tegalsari,5825,1520,351
2025-10-30,Sawahan,8000,2032,311
2025-10-30,Kenjeran,8000,1830,328
2025-10-31,Gubeng,7321,1368,395
2025-10-31,Sukolilo,8000,1617,356
2025-10-31,Tambaksari,8000,1819,342
2025-10-31,Wonokromo,8000,1833,310
2025-10-31,Rungkut,8000,1913,355
2025-10-31,Mulyorejo,5438,1758,390
2025-10-31,Genteng,8000,1510,304
2025-10-31,Tegalsari,5831,1523,350
2025-10-31,Sawahan,8000,2037,312
2025-10-31,Kenjeran,8000,1835,329
2025-11-01,Gubeng,7387,1373,397
2025-11-01,Sukolilo,8000,1617,358
2025-11-01,Tambaksari,8000,1821,341
2025-11-01,Wonokromo,8000,1835,312
2025-11-01,Rungkut,8000,1919,357
2025-11-01,Mulyorejo,5482,1764,388
2025-11-01,Genteng,8000,1514,306
2025-11-01,Tegalsari,5858,1526,353
2025-11-01,Sawahan,8000,2041,310
2025-11-01,Kenjeran,8000,1837,328
2025-11-02,Gubeng,7435,1375,398
2025-11-02,Sukolilo,8000,1619,361
2025-11-02,Tambaksari,8000,1822,341
2025-11-02,Wonokromo,8000,1835,311
2025-11-02,Rungkut,8000,1925,357
2025-11-02,Mulyorejo,5529,1767,388
2025-11-02,Genteng,8000,1516,308
2025-11-02,Tegalsari,5917,1528,355
2025-11-02,Sawahan,8000,2042,310
2025-11-02,Kenjeran,8000,1840,332
2025-11-03,Gubeng,7523,1379,402
2025-11-03,Sukolilo,8000,1624,365
2025-11-03,Tambaksari,8000,1823,340
2025-11-03,Wonokromo,8000,1836,309
2025-11-03,Rungkut,8000,1926,360
2025-11-03,Mulyorejo,5558,1767,389
2025-11-03,Genteng,8000,1518,311
2025-11-03,Tegalsari,5957,1531,356
2025-11-03,Sawahan,8000,2047,314
2025-11-03,Kenjeran,8000,1842,330
2025-11-04,Gubeng,7545,1381,401
2025-11-04,Sukolilo,8000,1629,367
2025-11-04,Tambaksari,8000,1827,343
2025-11-04,Wonokromo,8000,1840,307
2025-11-04,Rungkut,8000,1930,359
2025-11-04,Mulyorejo,5584,1767,388
2025-11-04,Genteng,8000,1523,309
2025-11-04,Tegalsari,6021,1531,356
2025-11-04,Sawahan,8000,2052,312
2025-11-04,Kenjeran,8000,1846,328
2025-11-05,Gubeng,7625,1382,399
2025-11-05,Sukolilo,8000,1635,370
2025-11-05,Tambaksari,8000,1830,346
2025-11-05,Wonokromo,8000,1844,310
2025-11-05,Rungkut,8000,1930,362
2025-11-05,Mulyorejo,5624,1770,388
2025-11-05,Genteng,8000,1528,313
2025-11-05,Tegalsari,6063,1532,360
2025-11-05,Sawahan,8000,2057,312
2025-11-05,Kenjeran,8000,1846,331
2025-11-06,Gubeng,7635,1386,400
2025-11-06,Sukolilo,8000,1637,369
2025-11-06,Tambaksari,8000,1836,350
2025-11-06,Wonokromo,8000,1844,314
2025-11-06,Rungkut,8000,1933,366
2025-11-06,Mulyorejo,5650,1775,392
2025-11-06,Genteng,8000,1529,311
2025-11-06,Tegalsari,6085,1538,361
2025-11-06,Sawahan,8000,2059,315
2025-11-06,Kenjeran,8000,1848,334
2025-11-07,Gubeng,7648,1388,402
2025-11-07,Sukolilo,8000,1640,370
2025-11-07,Tambaksari,8000,1840,352
2025-11-07,Wonokromo,8000,1850,315
2025-11-07,Rungkut,8000,1937,365
2025-11-07,Mulyorejo,5678,1778,390
2025-11-07,Genteng,8000,1531,312
2025-11-07,Tegalsari,6135,1543,364
2025-11-07,Sawahan,8000,2062,317
2025-11-07,Kenjeran,8000,1852,332
2025-11-08,Gubeng,7679,1391,400
2025-11-08,Sukolilo,8000,1643,370
2025-11-08,Tambaksari,8000,1841,355
2025-11-08,Wonokromo,8000,1856,314
2025-11-08,Rungkut,8000,1939,367
2025-11-08,Mulyorejo,5680,1778,388
2025-11-08,Genteng,8000,1535,313
2025-11-08,Tegalsari,6166,1546,367
2025-11-08,Sawahan,8000,2068,317
2025-11-08,Kenjeran,8000,1856,330
2025-11-09,Gubeng,7754,1391,398
2025-11-09,Sukolilo,8000,1646,369
2025-11-09,Tambaksari,8000,1847,356
2025-11-09,Wonokromo,8000,1859,317
2025-11-09,Rungkut,8000,1943,370
2025-11-09,Mulyorejo,5709,1783,389
2025-11-09,Genteng,8000,1537,313
2025-11-09,Tegalsari,6238,1552,371
2025-11-09,Sawahan,8000,2069,315
2025-11-09,Kenjeran,8000,1860,330
2025-11-10,Gubeng,7839,1391,399
2025-11-10,Sukolilo,8000,1646,370
2025-11-10,Tambaksari,8000,1848,359
2025-11-10,Wonokromo,8000,1864,318
2025-11-10,Rungkut,8000,1948,372
2025-11-10,Mulyorejo,5757,1785,391
2025-11-10,Genteng,8000,1541,313
2025-11-10,Tegalsari,6290,1557,374
2025-11-10,Sawahan,8000,2071,313
2025-11-10,Kenjeran,8000,1860,329
2025-11-11,Gubeng,7854,1391,402
2025-11-11,Sukolilo,8000,1652,368
2025-11-11,Tambaksari,8000,1853,358
2025-11-11,Wonokromo,8000,1867,322
2025-11-11,Rungkut,8000,1954,374
2025-11-11,Mulyorejo,5769,1787,395
2025-11-11,Genteng,8000,1544,314
2025-11-11,Tegalsari,6292,1558,373
2025-11-11,Sawahan,8000,2074,314
2025-11-11,Kenjeran,8000,1866,330
2025-11-12,Gubeng,7913,1392,402
2025-11-12,Sukolilo,8000,1658,369
2025-11-12,Tambaksari,8000,1853,356
2025-11-12,Wonokromo,8000,1872,323
2025-11-12,Rungkut,8000,1960,375
2025-11-12,Mulyorejo,5819,1791,398
2025-11-12,Genteng,8000,1546,312
2025-11-12,Tegalsari,6330,1561,375
2025-11-12,Sawahan,8000,2078,317
2025-11-12,Kenjeran,8000,1872,331
2025-11-13,Gubeng,7939,1392,404
2025-11-13,Sukolilo,8000,1662,369
2025-11-13,Tambaksari,8000,1855,359
2025-11-13,Wonokromo,8000,1875,321
2025-11-13,Rungkut,8000,1965,375
2025-11-13,Mulyorejo,5849,1794,396
2025-11-13,Genteng,8000,1551,311
2025-11-13,Tegalsari,6366,1564,374
2025-11-13,Sawahan,8000,2082,320
2025-11-13,Kenjeran,8000,1876,335
2025-11-14,Gubeng,8000,1397,405
2025-11-14,Sukolilo,8000,1664,372
2025-11-14,Tambaksari,8000,1858,363
2025-11-14,Wonokromo,8000,1880,324
2025-11-14,Rungkut,8000,1968,379
2025-11-14,Mulyorejo,5916,1795,398
2025-11-14,Genteng,8000,1556,314
2025-11-14,Tegalsari,6373,1567,373
2025-11-14,Sawahan,8000,2083,322
2025-11-14,Kenjeran,8000,1882,336
2025-11-15,Gubeng,8000,1400,405
2025-11-15,Sukolilo,8000,1668,370
2025-11-15,Tambaksari,8000,1860,363
2025-11-15,Wonokromo,8000,1881,323
2025-11-15,Rungkut,8000,1972,377
2025-11-15,Mulyorejo,5972,1797,399
2025-11-15,Genteng,8000,1557,312
2025-11-15,Tegalsari,6417,1570,373
2025-11-15,Sawahan,8000,2089,322
2025-11-15,Kenjeran,8000,1888,338
2025-11-16,Gubeng,8000,1401,409
2025-11-16,Sukolilo,8000,1672,372
2025-11-16,Tambaksari,8000,1865,361
2025-11-16,Wonokromo,8000,1884,327
2025-11-16,Rungkut,8000,1978,381
2025-11-16,Mulyorejo,5979,1797,403
2025-11-16,Genteng,8000,1563,316
2025-11-16,Tegalsari,6491,1576,375
2025-11-16,Sawahan,8000,2089,321
2025-11-16,Kenjeran,8000,1894,337
2025-11-17,Gubeng,8000,1402,412
2025-11-17,Sukolilo,8000,1675,376
2025-11-17,Tambaksari,8000,1870,365
2025-11-17,Wonokromo,8000,1889,327
2025-11-17,Rungkut,8000,1979,379
2025-11-17,Mulyorejo,6039,1800,404
2025-11-17,Genteng,8000,1563,315
2025-11-17,Tegalsari,6557,1579,375
2025-11-17,Sawahan,8000,2090,319
2025-11-17,Kenjeran,8000,1899,341
2025-11-18,Gubeng,8000,1407,415
2025-11-18,Sukolilo,8000,1681,380
2025-11-18,Tambaksari,8000,1876,364
2025-11-18,Wonokromo,8000,1892,328
2025-11-18,Rungkut,8000,1982,383
2025-11-18,Mulyorejo,6075,1805,404
2025-11-18,Genteng,8000,1566,314
2025-11-18,Tegalsari,6619,1584,379
2025-11-18,Sawahan,8000,2090,317
2025-11-18,Kenjeran,8000,1902,345
2025-11-19,Gubeng,8000,1407,416
2025-11-19,Sukolilo,8000,1686,383
2025-11-19,Tambaksari,8000,1880,362
2025-11-19,Wonokromo,8000,1897,332
2025-11-19,Rungkut,8000,1986,383
2025-11-19,Mulyorejo,6104,1810,407
2025-11-19,Genteng,8000,1568,317
2025-11-19,Tegalsari,6679,1586,377
2025-11-19,Sawahan,8000,2094,319
2025-11-19,Kenjeran,8000,1907,346
2025-11-20,Gubeng,8000,1408,418
2025-11-20,Sukolilo,8000,1690,386
2025-11-20,Tambaksari,8000,1882,366
2025-11-20,Wonokromo,8000,1900,336
2025-11-20,Rungkut,8000,1988,381
2025-11-20,Mulyorejo,6106,1812,408
2025-11-20,Genteng,8000,1573,316
2025-11-20,Tegalsari,6722,1590,377
2025-11-20,Sawahan,8000,2098,321
2025-11-20,Kenjeran,8000,1909,350
2025-11-21,Gubeng,8000,1408,416
2025-11-21,Sukolilo,8000,1694,388
2025-11-21,Tambaksari,8000,1888,370
2025-11-21,Wonokromo,8000,1903,338
2025-11-21,Rungkut,8000,1988,385
2025-11-21,Mulyorejo,6132,1817,410
2025-11-21,Genteng,8000,1573,320
2025-11-21,Tegalsari,6776,1590,378
2025-11-21,Sawahan,8000,2103,319
2025-11-21,Kenjeran,8000,1910,354
2025-11-22,Gubeng,8000,1412,418
2025-11-22,Sukolilo,8000,1699,391
2025-11-22,Tambaksari,8000,1892,369
2025-11-22,Wonokromo,8000,1905,341
2025-11-22,Rungkut,8000,1993,387
2025-11-22,Mulyorejo,6180,1822,411
2025-11-22,Genteng,8000,1574,318
2025-11-22,Tegalsari,6804,1594,377
2025-11-22,Sawahan,8000,2105,320
2025-11-22,Kenjeran,8000,1915,355
2025-11-23,Gubeng,8000,1412,416
2025-11-23,Sukolilo,8000,1700,392
2025-11-23,Tambaksari,8000,1892,369
2025-11-23,Wonokromo,8000,1908,343
2025-11-23,Rungkut,8000,1999,388
2025-11-23,Mulyorejo,6244,1826,412
2025-11-23,Genteng,8000,1577,321
2025-11-23,Tegalsari,6881,1597,380
2025-11-23,Sawahan,8000,2111,319
2025-11-23,Kenjeran,8000,1916,356
2025-11-24,Gubeng,8000,1413,419
2025-11-24,Sukolilo,8000,1704,390
2025-11-24,Tambaksari,8000,1895,370
2025-11-24,Wonokromo,8000,1909,345
2025-11-24,Rungkut,8000,1999,390
2025-11-24,Mulyorejo,6307,1826,410
2025-11-24,Genteng,8000,1579,319
2025-11-24,Tegalsari,6926,1597,380
2025-11-24,Sawahan,8000,2113,319
2025-11-24,Kenjeran,8000,1916,360
2025-11-25,Gubeng,8000,1419,421
2025-11-25,Sukolilo,8000,1706,390
2025-11-25,Tambaksari,8000,1901,373
2025-11-25,Wonokromo,8000,1909,347
2025-11-25,Rungkut,8000,2005,388
2025-11-25,Mulyorejo,6338,1830,410
2025-11-25,Genteng,8000,1581,323
2025-11-25,Tegalsari,6959,1603,383
2025-11-25,Sawahan,8000,2114,323
2025-11-25,Kenjeran,8000,1921,361
2025-11-26,Gubeng,8000,1424,422
2025-11-26,Sukolilo,8000,1711,390
2025-11-26,Tambaksari,8000,1905,376
2025-11-26,Wonokromo,8000,1912,346
2025-11-26,Rungkut,8000,2007,390
2025-11-26,Mulyorejo,6341,1835,411
2025-11-26,Genteng,8000,1586,321
2025-11-26,Tegalsari,7033,1608,381
2025-11-26,Sawahan,8000,2120,327
2025-11-26,Kenjeran,8000,1925,364
2025-11-27,Gubeng,8000,1428,420
2025-11-27,Sukolilo,8000,1715,392
2025-11-27,Tambaksari,8000,1905,378
2025-11-27,Wonokromo,8000,1918,347
2025-11-27,Rungkut,8000,2007,388
2025-11-27,Mulyorejo,6390,1839,410
2025-11-27,Genteng,8000,1588,325
2025-11-27,Tegalsari,7052,1614,384
2025-11-27,Sawahan,8000,2124,328
2025-11-27,Kenjeran,8000,1929,366
2025-11-28,Gubeng,8000,1432,418
2025-11-28,Sukolilo,8000,1715,392
2025-11-28,Tambaksari,8000,1908,376
2025-11-28,Wonokromo,8000,1920,348
2025-11-28,Rungkut,8000,2007,386
2025-11-28,Mulyorejo,6431,1841,409
2025-11-28,Genteng,8000,1594,323
2025-11-28,Tegalsari,7067,1617,387
2025-11-28,Sawahan,8000,2128,328
2025-11-28,Kenjeran,8000,1934,364
2025-11-29,Gubeng,8000,1432,418
2025-11-29,Sukolilo,8000,1717,392
2025-11-29,Tambaksari,8000,1914,374
2025-11-29,Wonokromo,8000,1921,352
2025-11-29,Rungkut,8000,2008,387
2025-11-29,Mulyorejo,6469,1845,410
2025-11-29,Genteng,8000,1596,321
2025-11-29,Tegalsari,7096,1621,388
2025-11-29,Sawahan,8000,2128,329
2025-11-29,Kenjeran,8000,1934,364
2025-11-30,Gubeng,8000,1436,421
2025-11-30,Sukolilo,8000,1723,394
2025-11-30,Tambaksari,8000,1915,374
2025-11-30,Wonokromo,8000,1924,350
2025-11-30,Rungkut,8000,2012,386
2025-11-30,Mulyorejo,6529,1846,410
2025-11-30,Genteng,8000,1597,325
2025-11-30,Tegalsari,7119,1624,390
2025-11-30,Sawahan,8000,2128,333
2025-11-30,Kenjeran,8000,1940,366
2025-12-01,Gubeng,8000,1437,419
2025-12-01,Sukolilo,8000,1726,394
2025-12-01,Tambaksari,8000,1921,377
2025-12-01,Wonokromo,8000,1926,354
2025-12-01,Rungkut,8000,2016,390
2025-12-01,Mulyorejo,6568,1846,409
2025-12-01,Genteng,8000,1601,323
2025-12-01,Tegalsari,7146,1627,393
2025-12-01,Sawahan,8000,2129,336
2025-12-01,Kenjeran,8000,1942,367
2025-12-02,Gubeng,8000,1441,423
2025-12-02,Sukolilo,8000,1731,394
2025-12-02,Tambaksari,8000,1927,380
2025-12-02,Wonokromo,8000,1927,357
2025-12-02,Rungkut,8000,2018,389
2025-12-02,Mulyorejo,6604,1850,409
2025-12-02,Genteng,8000,1606,322
2025-12-02,Tegalsari,7203,1627,395
2025-12-02,Sawahan,8000,2129,339
2025-12-02,Kenjeran,8000,1946,370
2025-12-03,Gubeng,8000,1447,424
2025-12-03,Sukolilo,8000,1737,397
2025-12-03,Tambaksari,8000,1931,378
2025-12-03,Wonokromo,8000,1933,360
2025-12-03,Rungkut,8000,2018,389
2025-12-03,Mulyorejo,6680,1853,413
2025-12-03,Genteng,8000,1609,321
2025-12-03,Tegalsari,7277,1633,398
2025-12-03,Sawahan,8000,2129,340
2025-12-03,Kenjeran,8000,1947,371
2025-12-04,Gubeng,8000,1452,422
2025-12-04,Sukolilo,8000,1742,400
2025-12-04,Tambaksari,8000,1931,382
2025-12-04,Wonokromo,8000,1935,364
2025-12-04,Rungkut,8000,2019,390
2025-12-04,Mulyorejo,6757,1853,413
2025-12-04,Genteng,8000,1614,324
2025-12-04,Tegalsari,7332,1633,397
2025-12-04,Sawahan,8000,2134,341
2025-12-04,Kenjeran,8000,1949,373
2025-12-05,Gubeng,8000,1453,424
2025-12-05,Sukolilo,8000,1747,402
2025-12-05,Tambaksari,8000,1935,384
2025-12-05,Wonokromo,8000,1939,363
2025-12-05,Rungkut,8000,2020,390
2025-12-05,Mulyorejo,6832,1859,412
2025-12-05,Genteng,8000,1619,328
2025-12-05,Tegalsari,7358,1639,400
2025-12-05,Sawahan,8000,2139,344
2025-12-05,Kenjeran,8000,1951,376
2025-12-06,Gubeng,8000,1456,422
2025-12-06,Sukolilo,8000,1752,405
2025-12-06,Tambaksari,8000,1935,388
2025-12-06,Wonokromo,8000,1942,367
2025-12-06,Rungkut,8000,2022,388
2025-12-06,Mulyorejo,6888,1862,413
2025-12-06,Genteng,8000,1625,326
2025-12-06,Tegalsari,7438,1640,398
2025-12-06,Sawahan,8000,2142,346
2025-12-06,Kenjeran,8000,1951,377
2025-12-07,Gubeng,8000,1456,424
2025-12-07,Sukolilo,8000,1757,404
2025-12-07,Tambaksari,8000,1938,386
2025-12-07,Wonokromo,8000,1943,366
2025-12-07,Rungkut,8000,2022,391
2025-12-07,Mulyorejo,6940,1862,414
2025-12-07,Genteng,8000,1625,328
2025-12-07,Tegalsari,7511,1642,402
2025-12-07,Sawahan,8000,2142,347
2025-12-07,Kenjeran,8000,1953,381
2025-12-08,Gubeng,8000,1458,426
2025-12-08,Sukolilo,8000,1757,408
2025-12-08,Tambaksari,8000,1941,390
2025-12-08,Wonokromo,8000,1946,368
2025-12-08,Rungkut,8000,2022,389
2025-12-08,Mulyorejo,6971,1868,417
2025-12-08,Genteng,8000,1626,326
2025-12-08,Tegalsari,7596,1645,400
2025-12-08,Sawahan,8000,2147,348
2025-12-08,Kenjeran,8000,1958,379
2025-12-09,Gubeng,8000,1460,430
2025-12-09,Sukolilo,8000,1757,410
2025-12-09,Tambaksari,8000,1942,394
2025-12-09,Wonokromo,8000,1951,370
2025-12-09,Rungkut,8000,2025,390
2025-12-09,Mulyorejo,7037,1872,419
2025-12-09,Genteng,8000,1631,329
2025-12-09,Tegalsari,7670,1648,402
2025-12-09,Sawahan,8000,2148,346
2025-12-09,Kenjeran,8000,1962,382
2025-12-10,Gubeng,8000,1466,434
2025-12-10,Sukolilo,8000,1761,409
2025-12-10,Tambaksari,8000,1944,394
2025-12-10,Wonokromo,8000,1956,372
2025-12-10,Rungkut,8000,2026,389
2025-12-10,Mulyorejo,7104,1872,418
2025-12-10,Genteng,8000,1634,331
2025-12-10,Tegalsari,7761,1654,402
2025-12-10,Sawahan,8000,2152,350
2025-12-10,Kenjeran,8000,1965,382
2025-12-11,Gubeng,8000,1468,434
2025-12-11,Sukolilo,8000,1765,411
2025-12-11,Tambaksari,8000,1945,392
2025-12-11,Wonokromo,8000,1962,376
2025-12-11,Rungkut,8000,2026,390
2025-12-11,Mulyorejo,7133,1873,421
2025-12-11,Genteng,8000,1640,329
2025-12-11,Tegalsari,7795,1659,403
2025-12-11,Sawahan,8000,2155,352
2025-12-11,Kenjeran,8000,1971,384
2025-12-12,Gubeng,8000,1470,436
2025-12-12,Sukolilo,8000,1767,410
2025-12-12,Tambaksari,8000,1951,390
2025-12-12,Wonokromo,8000,1962,379
2025-12-12,Rungkut,8000,2027,391
2025-12-12,Mulyorejo,7187,1874,422
2025-12-12,Genteng,8000,1646,329
2025-12-12,Tegalsari,7873,1662,402
2025-12-12,Sawahan,8000,2161,350
2025-12-12,Kenjeran,8000,1971,384
2025-12-13,Gubeng,8000,1470,435
2025-12-13,Sukolilo,8000,1768,413
2025-12-13,Tambaksari,8000,1957,390
2025-12-13,Wonokromo,8000,1962,378
2025-12-13,Rungkut,8000,2028,390
2025-12-13,Mulyorejo,7264,1879,421
2025-12-13,Genteng,8000,1650,328
2025-12-13,Tegalsari,7892,1662,401
2025-12-13,Sawahan,8000,2161,348
2025-12-13,Kenjeran,8000,1972,385
2025-12-14,Gubeng,8000,1470,435
2025-12-14,Sukolilo,8000,1770,414
2025-12-14,Tambaksari,8000,1963,390
2025-12-14,Wonokromo,8000,1966,382
2025-12-14,Rungkut,8000,2031,393
2025-12-14,Mulyorejo,7270,1880,420
2025-12-14,Genteng,8000,1651,330
2025-12-14,Tegalsari,7930,1664,401
2025-12-14,Sawahan,8000,2166,347
2025-12-14,Kenjeran,8000,1978,387
2025-12-15,Gubeng,8000,1476,437
2025-12-15,Sukolilo,8000,1771,414
2025-12-15,Tambaksari,8000,1968,394
2025-12-15,Wonokromo,8000,1967,386
2025-12-15,Rungkut,8000,2035,394
2025-12-15,Mulyorejo,7289,1880,424
2025-12-15,Genteng,8000,1656,332
2025-12-15,Tegalsari,7939,1668,402
2025-12-15,Sawahan,8000,2171,351
2025-12-15,Kenjeran,8000,1981,389
2025-12-16,Gubeng,8000,1478,440
2025-12-16,Sukolilo,8000,1776,415
2025-12-16,Tambaksari,8000,1971,395
2025-12-16,Wonokromo,8000,1970,389
2025-12-16,Rungkut,8000,2039,397
2025-12-16,Mulyorejo,7293,1881,423
2025-12-16,Genteng,8000,1657,333
2025-12-16,Tegalsari,7963,1671,403
2025-12-16,Sawahan,8000,2177,351
2025-12-16,Kenjeran,8000,1981,388
2025-12-17,Gubeng,8000,1480,441
2025-12-17,Sukolilo,8000,1777,417
2025-12-17,Tambaksari,8000,1975,397
2025-12-17,Wonokromo,8000,1973,390
2025-12-17,Rungkut,8000,2041,401
2025-12-17,Mulyorejo,7337,1883,424
2025-12-17,Genteng,8000,1660,332
2025-12-17,Tegalsari,7991,1671,403
2025-12-17,Sawahan,8000,2179,355
2025-12-17,Kenjeran,8000,1985,391
2025-12-18,Gubeng,8000,1482,440
2025-12-18,Sukolilo,8000,1777,417
2025-12-18,Tambaksari,8000,1976,397
2025-12-18,Wonokromo,8000,1975,390
2025-12-18,Rungkut,8000,2047,405
2025-12-18,Mulyorejo,7398,1885,423
2025-12-18,Genteng,8000,1661,336
2025-12-18,Tegalsari,8000,1676,405
2025-12-18,Sawahan,8000,2179,359
2025-12-18,Kenjeran,8000,1991,391
2025-12-19,Gubeng,8000,1485,441
2025-12-19,Sukolilo,8000,1783,420
2025-12-19,Tambaksari,8000,1981,399
2025-12-19,Wonokromo,8000,1976,394
2025-12-19,Rungkut,8000,2048,408
2025-12-19,Mulyorejo,7465,1888,422
2025-12-19,Genteng,8000,1667,338
2025-12-19,Tegalsari,8000,1681,409
2025-12-19,Sawahan,8000,2185,357
2025-12-19,Kenjeran,8000,1992,392
2025-12-20,Gubeng,8000,1490,442
2025-12-20,Sukolilo,8000,1786,424
2025-12-20,Tambaksari,8000,1983,398
2025-12-20,Wonokromo,8000,1977,394
2025-12-20,Rungkut,8000,2048,409
2025-12-20,Mulyorejo,7538,1894,422
2025-12-20,Genteng,8000,1670,339
2025-12-20,Tegalsari,8000,1684,413
2025-12-20,Sawahan,8000,2189,357
2025-12-20,Kenjeran,8000,1992,394
2025-12-21,Gubeng,8000,1491,441
2025-12-21,Sukolilo,8000,1788,426
2025-12-21,Tambaksari,8000,1987,400
2025-12-21,Wonokromo,8000,1980,395
2025-12-21,Rungkut,8000,2051,407
2025-12-21,Mulyorejo,7587,1895,423
2025-12-21,Genteng,8000,1674,340
2025-12-21,Tegalsari,8000,1686,411
2025-12-21,Sawahan,8000,2194,359
2025-12-21,Kenjeran,8000,1998,397
2025-12-22,Gubeng,8000,1491,440
2025-12-22,Sukolilo,8000,1791,426
2025-12-22,Tambaksari,8000,1989,403
2025-12-22,Wonokromo,8000,1983,393
2025-12-22,Rungkut,8000,2051,406
2025-12-22,Mulyorejo,7618,1898,424
2025-12-22,Genteng,8000,1674,339
2025-12-22,Tegalsari,8000,1689,414
2025-12-22,Sawahan,8000,2200,358
2025-12-22,Kenjeran,8000,1999,397
2025-12-23,Gubeng,8000,1496,443
2025-12-23,Sukolilo,8000,1795,428
2025-12-23,Tambaksari,8000,1993,402
2025-12-23,Wonokromo,8000,1988,394
2025-12-23,Rungkut,8000,2051,405
2025-12-23,Mulyorejo,7660,1904,425
2025-12-23,Genteng,8000,1675,341
2025-12-23,Tegalsari,8000,1693,415
2025-12-23,Sawahan,8000,2204,356
2025-12-23,Kenjeran,8000,2001,400
2025-12-24,Gubeng,8000,1499,443
2025-12-24,Sukolilo,8000,1800,432
2025-12-24,Tambaksari,8000,1997,406
2025-12-24,Wonokromo,8000,1989,395
2025-12-24,Rungkut,8000,2055,408
2025-12-24,Mulyorejo,7701,1907,428
2025-12-24,Genteng,8000,1679,339
2025-12-24,Tegalsari,8000,1693,414
2025-12-24,Sawahan,8000,2205,356
2025-12-24,Kenjeran,8000,2005,400
2025-12-25,Gubeng,8000,1499,446
2025-12-25,Sukolilo,8000,1801,433
2025-12-25,Tambaksari,8000,2003,408
2025-12-25,Wonokromo,8000,1991,393
2025-12-25,Rungkut,8000,2059,412
2025-12-25,Mulyorejo,7774,1910,429
2025-12-25,Genteng,8000,1680,341
2025-12-25,Tegalsari,8000,1693,412
2025-12-25,Sawahan,8000,2210,359
2025-12-25,Kenjeran,8000,2007,403
2025-12-26,Gubeng,8000,1500,447
2025-12-26,Sukolilo,8000,1803,431
2025-12-26,Tambaksari,8000,2004,408
2025-12-26,Wonokromo,8000,1994,394
2025-12-26,Rungkut,8000,2059,414
2025-12-26,Mulyorejo,7836,1915,430
2025-12-26,Genteng,8000,1686,341
2025-12-26,Tegalsari,8000,1694,416
2025-12-26,Sawahan,8000,2210,358
2025-12-26,Kenjeran,8000,2011,406
2025-12-27,Gubeng,8000,1500,450
2025-12-27,Sukolilo,8000,1808,431
2025-12-27,Tambaksari,8000,2006,407
2025-12-27,Wonokromo,8000,1994,397
2025-12-27,Rungkut,8000,2062,417
2025-12-27,Mulyorejo,7842,1920,434
2025-12-27,Genteng,8000,1691,344
2025-12-27,Tegalsari,8000,1694,417
2025-12-27,Sawahan,8000,2213,356
2025-12-27,Kenjeran,8000,2011,410
2025-12-28,Gubeng,8000,1501,449
2025-12-28,Sukolilo,8000,1809,430
2025-12-28,Tambaksari,8000,2009,405
2025-12-28,Wonokromo,8000,1996,401
2025-12-28,Rungkut,8000,2067,415
2025-12-28,Mulyorejo,7864,1920,438
2025-12-28,Genteng,8000,1696,343
2025-12-28,Tegalsari,8000,1694,418
2025-12-28,Sawahan,8000,2219,356
2025-12-28,Kenjeran,8000,2016,409
2025-12-29,Gubeng,8000,1505,450
2025-12-29,Sukolilo,8000,1809,429
2025-12-29,Tambaksari,8000,2011,405
2025-12-29,Wonokromo,8000,1999,404
2025-12-29,Rungkut,8000,2070,414
2025-12-29,Mulyorejo,7908,1920,441
2025-12-29,Genteng,8000,1701,345
2025-12-29,Tegalsari,8000,1694,417
2025-12-29,Sawahan,8000,2225,358
2025-12-29,Kenjeran,8000,2016,412
2025-12-30,Gubeng,8000,1511,452
2025-12-30,Sukolilo,8000,1809,431
2025-12-30,Tambaksari,8000,2016,408
2025-12-30,Wonokromo,8000,2005,407
2025-12-30,Rungkut,8000,2071,417
2025-12-30,Mulyorejo,7981,1925,441
2025-12-30,Genteng,8000,1706,346
2025-12-30,Tegalsari,8000,1694,419
2025-12-30,Sawahan,8000,2228,359
2025-12-30,Kenjeran,8000,2021,411
2025-12-31,Gubeng,8000,1516,450
2025-12-31,Sukolilo,8000,1813,435
2025-12-31,Tambaksari,8000,2018,407
2025-12-31,Wonokromo,8000,2011,406
2025-12-31,Rungkut,8000,2071,416
2025-12-31,Mulyorejo,8000,1927,440
2025-12-31,Genteng,8000,1707,349
2025-12-31,Tegalsari,8000,1699,421
2025-12-31,Sawahan,8000,2231,362
2025-12-31,Kenjeran,8000,2022,411
